OriginLineNaptanType,DestinationLineNaptanType,Line,OriginStopName,OriginStopAtcoCode,DestinationStopName,DestinationStopAtcoCode,LinkTime,EO?,ED?,,
MET,MET,VIC,Brixton,9400ZZLUBXN,Stockwell,9400ZZLUSKW,123,,,,
MET,MET,VIC,Stockwell,9400ZZLUSKW,Vauxhall,9400ZZLUVXL,128,,,,
MET,MET,VIC,Vauxhall,9400ZZLUVXL,Pimlico,9400ZZLUPCO,87,,,,
MET,MET,VIC,Pimlico,9400ZZLUPCO,Victoria,9400ZZLUVIC,118,,,,
MET,MET,VIC,Victoria,9400ZZLUVIC,Green Park,9400ZZLUGPK,111,,,,
MET,MET,VIC,Green Park,9400ZZLUGPK,Oxford Circus,9400ZZLUOXC,119,,,,
MET,MET,VIC,Oxford Circus,9400ZZLUOXC,Warren Street,9400ZZLUWRR,101,,,,
MET,MET,VIC,Warren Street,9400ZZLUWRR,Euston,9400ZZLUEUS,89,,,,
MET,MET,VIC,Euston,9400ZZLUEUS,King's Cross St. Pancras,9400ZZLUKSX,87,,,,
MET,MET,VIC,King's Cross St. Pancras,9400ZZLUKSX,Highbury & Islington,9400ZZLUHAI,164,,,,
MET,MET,VIC,Highbury & Islington,9400ZZLUHAI,Finsbury Park,9400ZZLUFPK,145,,,,
MET,MET,VIC,Finsbury Park,9400ZZLUFPK,Seven Sisters,9400ZZLUSVS,206,,,,
MET,MET,VIC,Seven Sisters,9400ZZLUSVS,Tottenham Hale,9400ZZLUTMH,101,,,,
MET,MET,VIC,Tottenham Hale,9400ZZLUTMH,Blackhorse Road,9400ZZLUBLR,111,,,,
MET,MET,VIC,Blackhorse Road,9400ZZLUBLR,Walthamstow Central,9400ZZLUWWL,100,,,,
MET,MET,PIC,Cockfosters,9400ZZLUCKS,Oakwood,9400ZZLUOAK,162,,,,
MET,MET,PIC,Oakwood,9400ZZLUOAK,Southgate,9400ZZLUSGT,162,,,,
MET,MET,PIC,Southgate,9400ZZLUSGT,Arnos Grove,9400ZZLUASG,245,,,,
MET,MET,PIC,Arnos Grove,9400ZZLUASG,Bounds Green,9400ZZLUBDS,141,,,,
MET,MET,PIC,Bounds Green,9400ZZLUBDS,Wood Green,9400ZZLUWOG,147,,,,
MET,MET,PIC,Wood Green,9400ZZLUWOG,Turnpike Lane,9400ZZLUTPN,107,,,,
MET,MET,PIC,Turnpike Lane,9400ZZLUTPN,Manor House,9400ZZLUMRH,195,,,,
MET,MET,PIC,Manor House,9400ZZLUMRH,Finsbury Park,9400ZZLUFPK,138,,,,
MET,MET,PIC,Finsbury Park,9400ZZLUFPK,Arsenal,9400ZZLUASL,93,,,,
MET,MET,PIC,Arsenal,9400ZZLUASL,Holloway Road,9400ZZLUHWY,95,,,,
MET,MET,PIC,Holloway Road,9400ZZLUHWY,Caledonian Road,9400ZZLUCAR,87,,,,
MET,MET,PIC,Caledonian Road,9400ZZLUCAR,King's Cross St. Pancras,9400ZZLUKSX,202,,,,
MET,MET,PIC,King's Cross St. Pancras,9400ZZLUKSX,Russell Square,9400ZZLURSQ,116,,,,
MET,MET,PIC,Russell Square,9400ZZLURSQ,Holborn,9400ZZLUHBN,108,,,,
MET,MET,PIC,Holborn,9400ZZLUHBN,Covent Garden,9400ZZLUCGN,104,,,,
MET,MET,PIC,Covent Garden,9400ZZLUCGN,Leicester Square,9400ZZLULSQ,66,,,,
MET,MET,PIC,Leicester Square,9400ZZLULSQ,Piccadilly Circus,9400ZZLUPCC,85,,,,
MET,MET,PIC,Piccadilly Circus,9400ZZLUPCC,Green Park,9400ZZLUGPK,95,,,,
MET,MET,PIC,Green Park,9400ZZLUGPK,Hyde Park Corner,9400ZZLUHPC,123,,,,
MET,MET,PIC,Hyde Park Corner,9400ZZLUHPC,Knightsbridge,9400ZZLUKNB,90,,,,
MET,MET,PIC,Knightsbridge,9400ZZLUKNB,South Kensington,9400ZZLUSKS,158,,,,
MET,MET,PIC,South Kensington,9400ZZLUSKS,Gloucester Road,9400ZZLUGTR,106,,,,
MET,MET,PIC,Gloucester Road,9400ZZLUGTR,Earl's Court,9400ZZLUECT,102,,,,
MET,MET,PIC,Earl's Court,9400ZZLUECT,Barons Court,9400ZZLUBSC,184,,,,
MET,MET,PIC,Barons Court,9400ZZLUBSC,Hammersmith,9400ZZLUHSC,126,,,,
MET,MET,PIC,Hammersmith,9400ZZLUHSC,Acton Town,9400ZZLUACT,380,,,,
MET,MET,PIC,Acton Town,9400ZZLUACT,South Ealing,9400ZZLUSEA,202,,,,
MET,MET,PIC,South Ealing,9400ZZLUSEA,Northfields,9400ZZLUNFD,78,,,,
MET,MET,PIC,Northfields,9400ZZLUNFD,Boston Manor,9400ZZLUBOS,115,,,,
MET,MET,PIC,Boston Manor,9400ZZLUBOS,Osterley,9400ZZLUOSY,194,,,,
MET,MET,PIC,Osterley,9400ZZLUOSY,Hounslow East,9400ZZLUHWE,115,,,,
MET,MET,PIC,Hounslow East,9400ZZLUHWE,Hounslow Central,9400ZZLUHWC,97,,,,
MET,MET,PIC,Hounslow Central,9400ZZLUHWC,Hounslow West,9400ZZLUHWT,155,,,,
MET,MET,PIC,Hounslow West,9400ZZLUHWT,Hatton Cross,9400ZZLUHNX,266,,,,
MET,MET,PIC,Hatton Cross,9400ZZLUHNX,Heathrow Terminal 4,9400ZZLUHR4,138,,,,
MET,MET,PIC,Hatton Cross,9400ZZLUHNX,Heathrow Terminals 2 & 3,9400ZZLUHRC,249,,,,
MET,MET,PIC,Heathrow Terminals 2 & 3,9400ZZLUHRC,Heathrow Terminal 5,9400ZZLUHR5,195,,,,
MET,MET,PIC,Acton Town,9400ZZLUACT,Ealing Common,9400ZZLUECM,146,,,,
MET,MET,PIC,Ealing Common,9400ZZLUECM,North Ealing,9400ZZLUNEN,126,,,,
MET,MET,PIC,North Ealing,9400ZZLUNEN,Park Royal,9400ZZLUPKR,120,,,,
MET,MET,PIC,Park Royal,9400ZZLUPKR,Alperton,9400ZZLUALP,161,,,,
MET,MET,PIC,Alperton,9400ZZLUALP,Sudbury Town,9400ZZLUSUT,143,,,,
MET,MET,PIC,Sudbury Town,9400ZZLUSUT,Sudbury Hill,9400ZZLUSUH,159,,,,
MET,MET,PIC,Sudbury Hill,9400ZZLUSUH,South Harrow,9400ZZLUSHH,144,,,,
MET,MET,PIC,South Harrow,9400ZZLUSHH,Rayners Lane,9400ZZLURYL,188,,,,
MET,MET,PIC,Rayners Lane,9400ZZLURYL,Eastcote,9400ZZLUEAE,150,,,,
MET,MET,PIC,Eastcote,9400ZZLUEAE,Ruislip Manor,9400ZZLURSM,124,,,,
MET,MET,PIC,Ruislip Manor,9400ZZLURSM,Ruislip,9400ZZLURSP,93,,,,
MET,MET,PIC,Ruislip,9400ZZLURSP,Ickenham,9400ZZLUICK,150,,,,
MET,MET,PIC,Ickenham,9400ZZLUICK,Hillingdon,9400ZZLUHGD,115,,,,
MET,MET,PIC,Hillingdon,9400ZZLUHGD,Uxbridge,9400ZZLUUXB,210,,,,
MET,MET,WTC,Waterloo,9400ZZLUWLO,Bank,9400ZZLUBNK,255,,,,
MET,MET,NTH,Edgware,9400ZZLUEGW,Burnt Oak,9400ZZLUBTK,149,,,,
MET,MET,NTH,Burnt Oak,9400ZZLUBTK,Colindale,9400ZZLUCND,135,,,,
MET,MET,NTH,Colindale,9400ZZLUCND,Hendon Central,9400ZZLUHCL,174,,,,
MET,MET,NTH,Hendon Central,9400ZZLUHCL,Brent Cross,9400ZZLUBTX,112,,,,
MET,MET,NTH,Brent Cross,9400ZZLUBTX,Golders Green,9400ZZLUGGN,153,,,,
MET,MET,NTH,Golders Green,9400ZZLUGGN,Hampstead,9400ZZLUHTD,208,,,,
MET,MET,NTH,Hampstead,9400ZZLUHTD,Belsize Park,9400ZZLUBZP,120,,,,
MET,MET,NTH,Belsize Park,9400ZZLUBZP,Chalk Farm,9400ZZLUCFM,110,,,,
MET,MET,NTH,Chalk Farm,9400ZZLUCFM,Camden Town,9400ZZLUCTN,102,,,,
MET,MET,NTH,Mill Hill East,9400ZZLUMHL,Finchley Central,9400ZZLUFYC,159,,,,
MET,MET,NTH,High Barnet,9400ZZLUHBT,Totteridge & Whetstone,9400ZZLUTAW,187,,,,
MET,MET,NTH,Totteridge & Whetstone,9400ZZLUTAW,Woodside Park,9400ZZLUWOP,127,,,,
MET,MET,NTH,Woodside Park,9400ZZLUWOP,West Finchley,9400ZZLUWFN,105,,,,
MET,MET,NTH,West Finchley,9400ZZLUWFN,Finchley Central,9400ZZLUFYC,127,,,,
MET,MET,NTH,Finchley Central,9400ZZLUFYC,East Finchley,9400ZZLUEFY,181,,,,
MET,MET,NTH,East Finchley,9400ZZLUEFY,Highgate,9400ZZLUHGT,156,,,,
MET,MET,NTH,Highgate,9400ZZLUHGT,Archway,9400ZZLUACY,166,,,,
MET,MET,NTH,Archway,9400ZZLUACY,Tufnell Park,9400ZZLUTFP,98,,,,
MET,MET,NTH,Tufnell Park,9400ZZLUTFP,Kentish Town,9400ZZLUKSH,95,,,,
MET,MET,NTH,Kentish Town,9400ZZLUKSH,Camden Town,9400ZZLUCTN,132,,,,
MET,MET,NTH,Camden Town,9400ZZLUCTN,Mornington Crescent,9400ZZLUMTC,101,,,,
MET,MET,NTH,Mornington Crescent,9400ZZLUMTC,Euston,9400ZZLUEUS,111,,,,
MET,MET,NTH,Euston,9400ZZLUEUS,Warren Street,9400ZZLUWRR,87,,,,
MET,MET,NTH,Warren Street,9400ZZLUWRR,Goodge Street,9400ZZLUGDG,74,,,,
MET,MET,NTH,Goodge Street,9400ZZLUGDG,Tottenham Court Road,9400ZZLUTCR,89,,,,
MET,MET,NTH,Tottenham Court Road,9400ZZLUTCR,Leicester Square,9400ZZLULSQ,70,,,,
MET,MET,NTH,Leicester Square,9400ZZLULSQ,Charing Cross,9400ZZLUCHX,80,,,,
MET,MET,NTH,Charing Cross,9400ZZLUCHX,Embankment,9400ZZLUEMB,63,,,,
MET,MET,NTH,Embankment,9400ZZLUEMB,Waterloo,9400ZZLUWLO,90,,,,
MET,MET,NTH,Waterloo,9400ZZLUWLO,Kennington,9400ZZLUKNG,167,,,,
MET,MET,NTH,Camden Town,9400ZZLUCTN,Euston,9400ZZLUEUS,190,,,,
MET,MET,NTH,Euston,9400ZZLUEUS,King's Cross St. Pancras,9400ZZLUKSX,101,,,,
MET,MET,NTH,King's Cross St. Pancras,9400ZZLUKSX,Angel,9400ZZLUAGL,147,,,,
MET,MET,NTH,Angel,9400ZZLUAGL,Old Street,9400ZZLUODS,144,,,,
MET,MET,NTH,Old Street,9400ZZLUODS,Moorgate,9400ZZLUMGT,98,,,,
MET,MET,NTH,Moorgate,9400ZZLUMGT,Bank,9400ZZLUBNK,121,,,,
MET,MET,NTH,Bank,9400ZZLUBNK,London Bridge,9400ZZLULNB,105,,,,
MET,MET,NTH,London Bridge,9400ZZLULNB,Borough,9400ZZLUBOR,93,,,,
MET,MET,NTH,Borough,9400ZZLUBOR,Elephant & Castle,9400ZZLUEAC,123,,,,
MET,MET,NTH,Elephant & Castle,9400ZZLUEAC,Kennington,9400ZZLUKNG,103,,,,
MET,MET,NTH,Kennington,9400ZZLUKNG,Oval,9400ZZLUOVL,115,,,,
MET,MET,NTH,Oval,9400ZZLUOVL,Stockwell,9400ZZLUSKW,137,,,,
MET,MET,NTH,Stockwell,9400ZZLUSKW,Clapham North,9400ZZLUCPN,96,,,,
MET,MET,NTH,Clapham North,9400ZZLUCPN,Clapham Common,9400ZZLUCPC,92,,,,
MET,MET,NTH,Clapham Common,9400ZZLUCPC,Clapham South,9400ZZLUCPS,129,,,,
MET,MET,NTH,Clapham South,9400ZZLUCPS,Balham,9400ZZLUBLM,120,,,,
MET,MET,NTH,Balham,9400ZZLUBLM,Tooting Bec,9400ZZLUTBC,107,,,,
MET,MET,NTH,Tooting Bec,9400ZZLUTBC,Tooting Broadway,9400ZZLUTBY,116,,,,
MET,MET,NTH,Tooting Broadway,9400ZZLUTBY,Colliers Wood,9400ZZLUCSD,122,,,,
MET,MET,NTH,Colliers Wood,9400ZZLUCSD,South Wimbledon,9400ZZLUSWN,118,,,,
MET,MET,NTH,South Wimbledon,9400ZZLUSWN,Morden,9400ZZLUMDN,137,,,,
MET,MET,MET,Chesham,9400ZZLUCSM,Chalfont & Latimer,9400ZZLUCAL,510,,,,
MET,MET,MET,Amersham,9400ZZLUAMS,Chalfont & Latimer,9400ZZLUCAL,210,,,,
MET,MET,MET,Chalfont & Latimer,9400ZZLUCAL,Chorleywood,9400ZZLUCYD,213,,,,
MET,MET,MET,Chorleywood,9400ZZLUCYD,Rickmansworth,9400ZZLURKW,224,,,,
MET,MET,MET,Rickmansworth,9400ZZLURKW,Moor Park,9400ZZLUMPK,224,,,,
MET,MET,MET,Moor Park,9400ZZLUMPK,Harrow-On-The-Hill,9400ZZLUHOH,531,,,,
MET,MET,MET,Rickmansworth,9400ZZLURKW,Croxley,9400ZZLUCXY,275,,,,
MET,MET,MET,Watford,9400ZZLUWAF,Croxley,9400ZZLUCXY,160,,,,
MET,MET,MET,Croxley,9400ZZLUCXY,Moor Park,9400ZZLUMPK,234,,,,
MET,MET,MET,Moor Park,9400ZZLUMPK,Northwood,9400ZZLUNOW,168,,,,
MET,MET,MET,Northwood,9400ZZLUNOW,Northwood Hills,9400ZZLUNWH,135,,,,
MET,MET,MET,Northwood Hills,9400ZZLUNWH,Pinner,9400ZZLUPNR,151,,,,
MET,MET,MET,Pinner,9400ZZLUPNR,North Harrow,9400ZZLUNHA,128,,,,
MET,MET,MET,North Harrow,9400ZZLUNHA,Harrow-On-The-Hill,9400ZZLUHOH,181,,,,
MET,MET,MET,Uxbridge,9400ZZLUUXB,Hillingdon,9400ZZLUHGD,170,,,,
MET,MET,MET,Hillingdon,9400ZZLUHGD,Ickenham,9400ZZLUICK,111,,,,
MET,MET,MET,Ickenham,9400ZZLUICK,Ruislip,9400ZZLURSP,153,,,,
MET,MET,MET,Ruislip,9400ZZLURSP,Ruislip Manor,9400ZZLURSM,96,,,,
MET,MET,MET,Ruislip Manor,9400ZZLURSM,Eastcote,9400ZZLUEAE,118,,,,
MET,MET,MET,Eastcote,9400ZZLUEAE,Rayners Lane,9400ZZLURYL,147,,,,
MET,MET,MET,Rayners Lane,9400ZZLURYL,West Harrow,9400ZZLUWHW,128,,,,
MET,MET,MET,Harrow-On-The-Hill,9400ZZLUHOH,Finchley Road,9400ZZLUFYR,641,,,,
MET,MET,MET,Harrow-On-The-Hill,9400ZZLUHOH,Northwick Park,9400ZZLUNKP,134,,,,
MET,MET,MET,Northwick Park,9400ZZLUNKP,Preston Road,9400ZZLUPRD,134,,,,
MET,MET,MET,Preston Road,9400ZZLUPRD,Wembley Park,9400ZZLUWYP,144,,,,
MET,MET,MET,Wembley Park,9400ZZLUWYP,Finchley Road,9400ZZLUFYR,423,,,,
MET,MET,MET,Finchley Road,9400ZZLUFYR,Baker Street,9400ZZLUBST,370,,,,
MET,MET,MET,Baker Street,9400ZZLUBST,Great Portland Street,9400ZZLUGPS,134,,,,
MET,MET,MET,Great Portland Street,9400ZZLUGPS,Euston Square,9400ZZLUESQ,95,,,,
MET,MET,MET,Euston Square,9400ZZLUESQ,King's Cross St. Pancras,9400ZZLUKSX,135,,,,
MET,MET,MET,King's Cross St. Pancras,9400ZZLUKSX,Farringdon,9400ZZLUFCN,200,,,,
MET,MET,MET,Farringdon,9400ZZLUFCN,Barbican,9400ZZLUBBN,98,,,,
MET,MET,MET,Barbican,9400ZZLUBBN,Moorgate,9400ZZLUMGT,105,,,,
MET,MET,MET,Moorgate,9400ZZLUMGT,Liverpool Street,9400ZZLULVT,102,,,,
MET,MET,MET,Liverpool Street,9400ZZLULVT,Aldgate,9400ZZLUALD,127,,,,
MET,MET,JUB,Stanmore,9400ZZLUSTM,Canons Park,9400ZZLUCPK,143,,,,
MET,MET,JUB,Canons Park,9400ZZLUCPK,Queensbury,9400ZZLUQBY,137,,,,
MET,MET,JUB,Queensbury,9400ZZLUQBY,Kingsbury,9400ZZLUKBY,123,,,,
MET,MET,JUB,Kingsbury,9400ZZLUKBY,Wembley Park,9400ZZLUWYP,217,,,,
MET,MET,JUB,Wembley Park,9400ZZLUWYP,Neasden,9400ZZLUNDN,169,,,,
MET,MET,JUB,Neasden,9400ZZLUNDN,Dollis Hill,9400ZZLUDOH,96,,,,
MET,MET,JUB,Dollis Hill,9400ZZLUDOH,Willesden Green,9400ZZLUWIG,116,,,,
MET,MET,JUB,Willesden Green,9400ZZLUWIG,Kilburn,9400ZZLUKBN,117,,,,
MET,MET,JUB,Kilburn,9400ZZLUKBN,West Hampstead,9400ZZLUWHP,103,,,,
MET,MET,JUB,West Hampstead,9400ZZLUWHP,Finchley Road,9400ZZLUFYR,95,,,,
MET,MET,JUB,Finchley Road,9400ZZLUFYR,Swiss Cottage,9400ZZLUSWC,81,,,,
MET,MET,JUB,Swiss Cottage,9400ZZLUSWC,St. John's Wood,9400ZZLUSJW,100,,,,
MET,MET,JUB,St. John's Wood,9400ZZLUSJW,Baker Street,9400ZZLUBST,156,,,,
MET,MET,JUB,Baker Street,9400ZZLUBST,Bond Street,9400ZZLUBND,149,,,,
MET,MET,JUB,Bond Street,9400ZZLUBND,Green Park,9400ZZLUGPK,113,,,,
MET,MET,JUB,Green Park,9400ZZLUGPK,Westminster,9400ZZLUWSM,126,,,,
MET,MET,JUB,Westminster,9400ZZLUWSM,Waterloo,9400ZZLUWLO,100,,,,
MET,MET,JUB,Waterloo,9400ZZLUWLO,Southwark,9400ZZLUSWK,68,,,,
MET,MET,JUB,Southwark,9400ZZLUSWK,London Bridge,9400ZZLULNB,114,,,,
MET,MET,JUB,London Bridge,9400ZZLULNB,Bermondsey,9400ZZLUBMY,137,,,,
MET,MET,JUB,Bermondsey,9400ZZLUBMY,Canada Water,9400ZZLUCWR,101,,,,
MET,MET,JUB,Canada Water,9400ZZLUCWR,Canary Wharf,9400ZZLUCYF,154,,,,
MET,MET,JUB,Canary Wharf,9400ZZLUCYF,North Greenwich,9400ZZLUNGW,127,,,,
MET,MET,JUB,North Greenwich,9400ZZLUNGW,Canning Town,9400ZZLUCGT,149,,,,
MET,MET,JUB,Canning Town,9400ZZLUCGT,West Ham,9400ZZLUWHM,143,,,,
MET,MET,JUB,West Ham,9400ZZLUWHM,Stratford,9400ZZLUSTD,160,,,,
MET,MET,DIS,Ealing Broadway,9400ZZLUEBY,Ealing Common,9400ZZLUECM,197,,,,
MET,MET,DIS,Ealing Common,9400ZZLUECM,Acton Town,9400ZZLUACT,145,,,,
MET,MET,DIS,Acton Town,9400ZZLUACT,Chiswick Park,9400ZZLUCWP,130,,,,
MET,MET,DIS,Chiswick Park,9400ZZLUCWP,Turnham Green,9400ZZLUTNG,111,,,,
MET,MET,DIS,Richmond,9400ZZLURMD,Kew Gardens,9400ZZLUKWG,217,,,,
MET,MET,DIS,Kew Gardens,9400ZZLUKWG,Gunnersbury,9400ZZLUGBY,164,,,,
MET,MET,DIS,Gunnersbury,9400ZZLUGBY,Turnham Green,9400ZZLUTNG,184,,,,
MET,MET,DIS,Turnham Green,9400ZZLUTNG,Stamford Brook,9400ZZLUSFB,80,,,,
MET,MET,DIS,Stamford Brook,9400ZZLUSFB,Ravenscourt Park,9400ZZLURVP,98,,,,
MET,MET,DIS,Ravenscourt Park,9400ZZLURVP,Hammersmith,9400ZZLUHSC,134,,,,
MET,MET,DIS,Hammersmith,9400ZZLUHSC,Barons Court,9400ZZLUBSC,99,,,,
MET,MET,DIS,Barons Court,9400ZZLUBSC,West Kensington,9400ZZLUWKN,95,,,,
MET,MET,DIS,West Kensington,9400ZZLUWKN,Earls Court,9400ZZLUECM,149,,,,
MET,MET,DIS,Kensington (Olympia),9400ZZLUKOY,Earls Court,9400ZZLUECM,216,,,,
MET,MET,DIS,Wimbledon,9400ZZLUWIM,Wimbledon Park,9400ZZLUWIP,173,,,,
MET,MET,DIS,Wimbledon Park,9400ZZLUWIP,Southfields,9400ZZLUSFS,135,,,,
MET,MET,DIS,Southfields,9400ZZLUSFS,East Putney,9400ZZLUEPY,155,,,,
MET,MET,DIS,East Putney,9400ZZLUEPY,Putney Bridge,9400ZZLUPYB,131,,,,
MET,MET,DIS,Putney Bridge,9400ZZLUPYB,Parsons Green,9400ZZLUPSG,122,,,,
MET,MET,DIS,Parsons Green,9400ZZLUPSG,Fulham Broadway,9400ZZLUFBY,105,,,,
MET,MET,DIS,Fulham Broadway,9400ZZLUFBY,West Brompton,9400ZZLUWBN,117,,,,
MET,MET,DIS,West Brompton,9400ZZLUWBN,Earls Court,9400ZZLUECM,118,,,,
MET,MET,DIS,Earls Court,9400ZZLUECM,High Street Kensington,9400ZZLUHSK,203,,,,
MET,MET,DIS,High Street Kensington,9400ZZLUHSK,Notting Hill Gate,9400ZZLUNHG,124,,,,
MET,MET,DIS,Notting Hill Gate,9400ZZLUNHG,Bayswater,9400ZZLUBWT,106,,,,
MET,MET,DIS,Bayswater,9400ZZLUBWT,Paddington,9400ZZLUPAC,123,,,,
MET,MET,DIS,Paddington,9400ZZLUPAC,Edgware Road,9400ZZLUERC,120,,,,
MET,MET,DIS,Earls Court,9400ZZLUECM,Gloucester Road,9400ZZLUGTR,143,,,,
MET,MET,DIS,Gloucester Road,9400ZZLUGTR,South Kensington,9400ZZLUSKS,109,,,,
MET,MET,DIS,South Kensington,9400ZZLUSKS,Sloane Square,9400ZZLUSSQ,137,,,,
MET,MET,DIS,Sloane Square,9400ZZLUSSQ,Victoria,9400ZZLUVIC,135,,,,
MET,MET,DIS,Victoria,9400ZZLUVIC,St. James's Park,9400ZZLUSJP,104,,,,
MET,MET,DIS,St. James's Park,9400ZZLUSJP,Westminster,9400ZZLUWSM,111,,,,
MET,MET,DIS,Westminster,9400ZZLUWSM,Embankment,9400ZZLUEMB,106,,,,
MET,MET,DIS,Embankment,9400ZZLUEMB,Temple,9400ZZLUTMP,99,,,,
MET,MET,DIS,Temple,9400ZZLUTMP,Blackfriars,9400ZZLUBKF,104,,,,
MET,MET,DIS,Blackfriars,9400ZZLUBKF,Mansion House,9400ZZLUMSH,107,,,,
MET,MET,DIS,Mansion House,9400ZZLUMSH,Cannon Street,9400ZZLUCST,76,,,,
MET,MET,DIS,Cannon Street,9400ZZLUCST,Monument,9400ZZLUMMT,81,,,,
MET,MET,DIS,Monument,9400ZZLUMMT,Tower Hill,9400ZZLUTWH,114,,,,
MET,MET,DIS,Tower Hill,9400ZZLUTWH,Aldgate East,9400ZZLUADE,138,,,,
MET,MET,DIS,Aldgate East,9400ZZLUADE,Whitechapel,9400ZZLUWPL,137,,,,
MET,MET,DIS,Whitechapel,9400ZZLUWPL,Stepney Green,9400ZZLUSGN,125,,,,
MET,MET,DIS,Stepney Green,9400ZZLUSGN,Mile End,9400ZZLUMED,118,,,,
MET,MET,DIS,Mile End,9400ZZLUMED,Bow Road,9400ZZLUBWR,86,,,,
MET,MET,DIS,Bow Road,9400ZZLUBWR,Bromley-By-Bow,9400ZZLUBBB,130,,,,
MET,MET,DIS,Bromley-By-Bow,9400ZZLUBBB,West Ham,9400ZZLUWHM,135,,,,
MET,MET,DIS,West Ham,9400ZZLUWHM,Plaistow,9400ZZLUPLW,99,,,,
MET,MET,DIS,Plaistow,9400ZZLUPLW,Upton Park,9400ZZLUUPK,128,,,,
MET,MET,DIS,Upton Park,9400ZZLUUPK,East Ham,9400ZZLUEHM,131,,,,
MET,MET,DIS,East Ham,9400ZZLUEHM,Barking,9400ZZLUBKG,211,,,,
MET,MET,DIS,Barking,9400ZZLUBKG,Upney,9400ZZLUUPY,133,,,,
MET,MET,DIS,Upney,9400ZZLUUPY,Becontree,9400ZZLUBEC,150,,,,
MET,MET,DIS,Becontree,9400ZZLUBEC,Dagenham Heathway,9400ZZLUDGY,127,,,,
MET,MET,DIS,Dagenham Heathway,9400ZZLUDGY,Dagenham East,9400ZZLUDGE,127,,,,
MET,MET,DIS,Dagenham East,9400ZZLUDGE,Elm Park,9400ZZLUEPK,180,,,,
MET,MET,DIS,Elm Park,9400ZZLUEPK,Hornchurch,9400ZZLUHCH,136,,,,
MET,MET,DIS,Hornchurch,9400ZZLUHCH,Upminster Bridge,9400ZZLUUPB,124,,,,
MET,MET,DIS,Upminster Bridge,9400ZZLUUPB,Upminster,9400ZZLUUPM,130,,,,
MET,MET,CIR,Aldgate,9400ZZLUALD,Tower Hill,9400ZZLUTWH,111,,,,
MET,MET,CIR,Tower Hill,9400ZZLUTWH,Monument,9400ZZLUMMT,109,,,,
MET,MET,CIR,Monument,9400ZZLUMMT,Cannon Street,9400ZZLUCST,74,,,,
MET,MET,CIR,Cannon Street,9400ZZLUCST,Mansion House,9400ZZLUMSH,76,,,,
MET,MET,CIR,Mansion House,9400ZZLUMSH,Blackfriars,9400ZZLUBKF,93,,,,
MET,MET,CIR,Blackfriars,9400ZZLUBKF,Temple,9400ZZLUTMP,105,,,,
MET,MET,CIR,Temple,9400ZZLUTMP,Embankment,9400ZZLUEMB,106,,,,
MET,MET,CIR,Embankment,9400ZZLUEMB,Westminster,9400ZZLUWSM,99,,,,
MET,MET,CIR,Westminster,9400ZZLUWSM,St. James's Park,9400ZZLUSJP,105,,,,
MET,MET,CIR,St. James's Park,9400ZZLUSJP,Victoria,9400ZZLUVIC,109,,,,
MET,MET,CIR,Victoria,9400ZZLUVIC,Sloane Square,9400ZZLUSSQ,130,,,,
MET,MET,CIR,Sloane Square,9400ZZLUSSQ,South Kensington,9400ZZLUSKS,148,,,,
MET,MET,CIR,South Kensington,9400ZZLUSKS,Gloucester Road,9400ZZLUGTR,111,,,,
MET,MET,CIR,Gloucester Road,9400ZZLUGTR,High Street Kensington,9400ZZLUHSK,154,,,,
MET,MET,CIR,High Street Kensington,9400ZZLUHSK,Notting Hill Gate,9400ZZLUNHG,124,,,,
MET,MET,CIR,Notting Hill Gate,9400ZZLUNHG,Bayswater,9400ZZLUBWT,106,,,,
MET,MET,CIR,Bayswater,9400ZZLUBWT,Paddington,9400ZZLUPAC,123,,,,
MET,MET,CIR,Paddington,9400ZZLUPAC,Edgware Road,9400ZZLUERC,120,,,,
MET,MET,CIR,Hammersmith,9400ZZLUHSC,Goldhawk Road,9400ZZLUGHK,119,,,,
MET,MET,CIR,Goldhawk Road,9400ZZLUGHK,Shepherd's Bush Market,9400ZZLUSBM,86,,,,
MET,MET,CIR,Shepherd's Bush Market,9400ZZLUSBM,Wood Lane,9400ZZLUWLA,81,,,,
MET,MET,CIR,Wood Lane,9400ZZLUWLA,Latimer Road,9400ZZLULRD,84,,,,
MET,MET,CIR,Latimer Road,9400ZZLULRD,Ladbroke Grove,9400ZZLULAD,94,,,,
MET,MET,CIR,Ladbroke Grove,9400ZZLULAD,Westbourne Park,9400ZZLUWSP,103,,,,
MET,MET,CIR,Westbourne Park,9400ZZLUWSP,Royal Oak,9400ZZLURYO,120,,,,
MET,MET,CIR,Royal Oak,9400ZZLURYO,Paddington,9400ZZLUPAC,110,,,,
MET,MET,CIR,Paddington,9400ZZLUPAC,Edgware Road,9400ZZLUERC,160,,,,
MET,MET,CIR,Edgware Road,9400ZZLUERC,Baker Street,9400ZZLUBST,150,,,,
MET,MET,CIR,Baker Street,9400ZZLUBST,Great Portland Street,9400ZZLUGPS,135,,,,
MET,MET,CIR,Great Portland Street,9400ZZLUGPS,Euston Square,9400ZZLUESQ,95,,,,
MET,MET,CIR,Euston Square,9400ZZLUESQ,King's Cross St. Pancras,9400ZZLUKSX,135,,,,
MET,MET,CIR,King's Cross St. Pancras,9400ZZLUKSX,Farringdon,9400ZZLUFCN,200,,,,
MET,MET,CIR,Farringdon,9400ZZLUFCN,Barbican,9400ZZLUBBN,98,,,,
MET,MET,CIR,Barbican,9400ZZLUBBN,Moorgate,9400ZZLUMGT,105,,,,
MET,MET,CIR,Moorgate,9400ZZLUMGT,Liverpool Street,9400ZZLULVT,102,,,,
MET,MET,CIR,Liverpool Street,9400ZZLULVT,Aldgate,9400ZZLUALD,146,,,,
MET,MET,HAM,Hammersmith,9400ZZLUHSC,Goldhawk Road,9400ZZLUGHK,119,,,,
MET,MET,HAM,Goldhawk Road,9400ZZLUGHK,Shepherd's Bush Market,9400ZZLUSBM,86,,,,
MET,MET,HAM,Shepherd's Bush Market,9400ZZLUSBM,Wood Lane,9400ZZLUWLA,81,,,,
MET,MET,HAM,Wood Lane,9400ZZLUWLA,Latimer Road,9400ZZLULRD,84,,,,
MET,MET,HAM,Latimer Road,9400ZZLULRD,Ladbroke Grove,9400ZZLULAD,94,,,,
MET,MET,HAM,Ladbroke Grove,9400ZZLULAD,Westbourne Park,9400ZZLUWSP,103,,,,
MET,MET,HAM,Westbourne Park,9400ZZLUWSP,Royal Oak,9400ZZLURYO,120,,,,
MET,MET,HAM,Royal Oak,9400ZZLURYO,Paddington,9400ZZLUPAC,110,,,,
MET,MET,HAM,Paddington,9400ZZLUPAC,Edgware Road,9400ZZLUERC,160,,,,
MET,MET,HAM,Edgware Road,9400ZZLUERC,Baker Street,9400ZZLUBST,150,,,,
MET,MET,HAM,Baker Street,9400ZZLUBST,Great Portland Street,9400ZZLUGPS,135,,,,
MET,MET,HAM,Great Portland Street,9400ZZLUGPS,Euston Square,9400ZZLUESQ,95,,,,
MET,MET,HAM,Euston Square,9400ZZLUESQ,King's Cross St. Pancras,9400ZZLUKSX,135,,,,
MET,MET,HAM,King's Cross St. Pancras,9400ZZLUKSX,Farringdon,9400ZZLUFCN,200,,,,
MET,MET,HAM,Farringdon,9400ZZLUFCN,Barbican,9400ZZLUBBN,98,,,,
MET,MET,HAM,Barbican,9400ZZLUBBN,Moorgate,9400ZZLUMGT,105,,,,
MET,MET,HAM,Moorgate,9400ZZLUMGT,Liverpool Street,9400ZZLULVT,102,,,,
MET,MET,HAM,Liverpool Street,9400ZZLULVT,Aldgate East,9400ZZLUADE,156,,,,
MET,MET,HAM,Aldgate East,9400ZZLUADE,Whitechapel,9400ZZLUWPL,137,,,,
MET,MET,HAM,Whitechapel,9400ZZLUWPL,Stepney Green,9400ZZLUSGN,125,,,,
MET,MET,HAM,Stepney Green,9400ZZLUSGN,Mile End,9400ZZLUMED,118,,,,
MET,MET,HAM,Mile End,9400ZZLUMED,Bow Road,9400ZZLUBWR,86,,,,
MET,MET,HAM,Bow Road,9400ZZLUBWR,Bromley-By-Bow,9400ZZLUBBB,130,,,,
MET,MET,HAM,Bromley-By-Bow,9400ZZLUBBB,West Ham,9400ZZLUWHM,135,,,,
MET,MET,HAM,West Ham,9400ZZLUWHM,Plaistow,9400ZZLUPLW,99,,,,
MET,MET,HAM,Plaistow,9400ZZLUPLW,Upton Park,9400ZZLUUPK,128,,,,
MET,MET,HAM,Upton Park,9400ZZLUUPK,East Ham,9400ZZLUEHM,131,,,,
MET,MET,HAM,East Ham,9400ZZLUEHM,Barking,9400ZZLUBKG,211,,,,
MET,MET,CEN,West Ruislip,9400ZZLUWRP,Ruislip Gardens,9400ZZLURSG,155,,,,
MET,MET,CEN,Ruislip Gardens,9400ZZLURSG,South Ruislip,9400ZZLUSRP,94,,,,
MET,MET,CEN,South Ruislip,9400ZZLUSRP,Northolt,9400ZZLUNHT,159,,,,
MET,MET,CEN,Northolt,9400ZZLUNHT,Greenford,9400ZZLUGFD,137,,,,
MET,MET,CEN,Greenford,9400ZZLUGFD,Perivale,9400ZZLUPVL,130,,,,
MET,MET,CEN,Perivale,9400ZZLUPVL,Hanger Lane,9400ZZLUHGR,146,,,,
MET,MET,CEN,Hanger Lane,9400ZZLUHGR,North Acton,9400ZZLUNAN,200,,,,
MET,MET,CEN,Ealing Broadway,9400ZZLUEBY,West Acton,9400ZZLUWTA,145,,,,
MET,MET,CEN,West Acton,9400ZZLUWTA,North Acton,9400ZZLUNAN,166,,,,
MET,MET,CEN,North Acton,9400ZZLUNAN,East Acton,9400ZZLUEAN,109,,,,
MET,MET,CEN,East Acton,9400ZZLUEAN,White City,9400ZZLUWCY,178,,,,
MET,MET,CEN,White City,9400ZZLUWCY,Shepherd's Bush (Central),9400ZZLUSBC,178,,,,
MET,MET,CEN,Shepherd's Bush (Central),9400ZZLUSBC,Holland Park,9400ZZLUHPK,98,,,,
MET,MET,CEN,Holland Park,9400ZZLUHPK,Notting Hill Gate,9400ZZLUNHG,87,,,,
MET,MET,CEN,Notting Hill Gate,9400ZZLUNHG,Queensway,9400ZZLUQWY,90,,,,
MET,MET,CEN,Queensway,9400ZZLUQWY,Lancaster Gate,9400ZZLULGT,98,,,,
MET,MET,CEN,Lancaster Gate,9400ZZLULGT,Marble Arch,9400ZZLUMBA,138,,,,
MET,MET,CEN,Marble Arch,9400ZZLUMBA,Bond Street,9400ZZLUBND,82,,,,
MET,MET,CEN,Bond Street,9400ZZLUBND,Oxford Circus,9400ZZLUOXC,91,,,,
MET,MET,CEN,Oxford Circus,9400ZZLUOXC,Tottenham Court Road,9400ZZLUTCR,79,,,,
MET,MET,CEN,Tottenham Court Road,9400ZZLUTCR,Holborn,9400ZZLUHBN,123,,,,
MET,MET,CEN,Holborn,9400ZZLUHBN,Chancery Lane,9400ZZLUCHL,70,,,,
MET,MET,CEN,Chancery Lane,9400ZZLUCHL,St. Paul's,9400ZZLUSPU,110,,,,
MET,MET,CEN,St. Paul's,9400ZZLUSPU,Bank,9400ZZLUBNK,123,,,,
MET,MET,CEN,Bank,9400ZZLUBNK,Liverpool Street,9400ZZLULVT,121,,,,
MET,MET,CEN,Liverpool Street,9400ZZLULVT,Bethnal Green,9400ZZLUBLG,138,,,,
MET,MET,CEN,Mile End,9400ZZLUMED,Stratford,9400ZZLUSTD,211,,,,
MET,MET,CEN,Stratford,9400ZZLUSTD,Leyton,9400ZZLULYN,164,,,,
MET,MET,CEN,Leyton,9400ZZLULYN,Leytonstone,9400ZZLULYS,147,,,,
MET,MET,CEN,Leytonstone,9400ZZLULYS,Snaresbrook,9400ZZLUSNB,141,,,,
MET,MET,CEN,Snaresbrook,9400ZZLUSNB,South Woodford,9400ZZLUSWF,114,,,,
MET,MET,CEN,South Woodford,9400ZZLUSWF,Woodford,9400ZZLUWOF,137,,,,
MET,MET,CEN,Woodford,9400ZZLUWOF,Buckhurst Hill,9400ZZLUBKH,160,,,,
MET,MET,CEN,Buckhurst Hill,9400ZZLUBKH,Loughton,9400ZZLULGN,154,,,,
MET,MET,CEN,Loughton,9400ZZLULGN,Debden,9400ZZLUDBN,151,,,,
MET,MET,CEN,Debden,9400ZZLUDBN,Theydon Bois,9400ZZLUTHB,204,,,,
MET,MET,CEN,Theydon Bois,9400ZZLUTHB,Epping,9400ZZLUEPG,152,,,,
MET,MET,CEN,Leytonstone,9400ZZLULYS,Wanstead,9400ZZLUWSD,147,,,,
MET,MET,CEN,Wanstead,9400ZZLUWSD,Redbridge,9400ZZLURBG,113,,,,
MET,MET,CEN,Redbridge,9400ZZLURBG,Gants Hill,9400ZZLUGTH,115,,,,
MET,MET,CEN,Gants Hill,9400ZZLUGTH,Newbury Park,9400ZZLUNBP,178,,,,
MET,MET,CEN,Newbury Park,9400ZZLUNBP,Barkingside,9400ZZLUBKE,109,,,,
MET,MET,CEN,Barkingside,9400ZZLUBKE,Fairlop,9400ZZLUFLP,114,,,,
MET,MET,CEN,Fairlop,9400ZZLUFLP,Hainault,9400ZZLUHLT,89,,,,
MET,MET,CEN,Woodford,9400ZZLUWOF,Roding Valley,9400ZZLURVY,150,,,,
MET,MET,CEN,Roding Valley,9400ZZLURVY,Chigwell,9400ZZLUCWL,198,,,,
MET,MET,CEN,Chigwell,9400ZZLUCWL,Grange Hill,9400ZZLUGGH,124,,,,
MET,MET,CEN,Grange Hill,9400ZZLUGGH,Hainault,9400ZZLUHLT,121,,,,
MET,MET,BAK,Elephant & Castle,9400ZZLUEAC,Lambeth North,9400ZZLULBN,125,,,,
MET,MET,BAK,Lambeth North,9400ZZLULBN,Waterloo,9400ZZLUWLO,106,,,,
MET,MET,BAK,Waterloo,9400ZZLUWLO,Embankment,9400ZZLUEMB,98,,,,
MET,MET,BAK,Embankment,9400ZZLUEMB,Charing Cross,9400ZZLUCHX,73,,,,
MET,MET,BAK,Charing Cross,9400ZZLUCHX,Piccadilly Circus,9400ZZLUPCC,108,,,,
MET,MET,BAK,Piccadilly Circus,9400ZZLUPCC,Oxford Circus,9400ZZLUOXC,131,,,,
MET,MET,BAK,Oxford Circus,9400ZZLUOXC,Regent's Park,9400ZZLURGP,112,,,,
MET,MET,BAK,Regent's Park,9400ZZLURGP,Baker Street,9400ZZLUBST,111,,,,
MET,MET,BAK,Baker Street,9400ZZLUBST,Marylebone,9400ZZLUMYB,79,,,,
MET,MET,BAK,Marylebone,9400ZZLUMYB,Edgware Road,9400ZZLUERC,77,,,,
MET,MET,BAK,Edgware Road,9400ZZLUERC,Paddington,9400ZZLUPAC,109,,,,
MET,MET,BAK,Paddington,9400ZZLUPAC,Warwick Avenue,9400ZZLUWKA,110,,,,
MET,MET,BAK,Warwick Avenue,9400ZZLUWKA,Maida Vale,9400ZZLUMVL,102,,,,
MET,MET,BAK,Maida Vale,9400ZZLUMVL,Kilburn Park,9400ZZLUKPK,112,,,,
MET,MET,BAK,Kilburn Park,9400ZZLUKPK,Queen's Park,9400ZZLUQPS,130,,,,
MET,MET,BAK,Queen's Park,9400ZZLUQPS,Kensal Green,9400ZZLUKSL,187,,,,
MET,MET,BAK,Kensal Green,9400ZZLUKSL,Willesden Junction,9400ZZLUWJN,157,,,,
MET,MET,BAK,Willesden Junction,9400ZZLUWJN,Harlesden,9400ZZLUHSN,113,,,,
MET,MET,BAK,Harlesden,9400ZZLUHSN,Stonebridge Park,9400ZZLUSGP,143,,,,
MET,MET,BAK,Stonebridge Park,9400ZZLUSGP,Wembley Central,9400ZZLUWYC,169,,,,
MET,MET,BAK,Wembley Central,9400ZZLUWYC,North Wembley,9400ZZLUNWY,127,,,,
MET,MET,BAK,North Wembley,9400ZZLUNWY,South Kenton,9400ZZLUSKT,104,,,,
MET,MET,BAK,South Kenton,9400ZZLUSKT,Kenton,9400ZZLUKEN,130,,,,
MET,MET,BAK,Kenton,9400ZZLUKEN,Harrow & Wealdstone,9400ZZLUHAW,161,,,,
RLY,RLY,OVG-WEU,Watford Junction,9100WATFJDC,Watford High Street,9100WATFDHS,240,,,,
RLY,RLY,OVG-WEU,Watford High Street,9100WATFDHS,Bushey,9100BUSHYDC,180,,,,
RLY,RLY,OVG-WEU,Bushey,9100BUSHYDC,Carpenders Park,9100CRPNDPK,180,,,,
RLY,RLY,OVG-WEU,Carpenders Park,9100CRPNDPK,Hatch End,9100HTCHEND,180,,,,
RLY,RLY,OVG-WEU,Hatch End,9100HTCHEND,Headstone Lane,9100HEDSTNL,120,,,,
RLY,RLY,OVG-WEU,Headstone Lane,9100HEDSTNL,Harrow & Wealdstone,9100HROWDC,180,,,,
RLY,RLY,OVG-WEU,Harrow & Wealdstone,9100HROWDC,Kenton,9100KTON,120,,,,
RLY,RLY,OVG-WEU,Kenton,9100KTON,South Kenton,9100SKENTON,120,,,,
RLY,RLY,OVG-WEU,South Kenton,9100SKENTON,North Wembley,9100NWEMBLY,120,,,,
RLY,RLY,OVG-WEU,North Wembley,9100NWEMBLY,Wembley Central,9100WMBYDC,120,,,,
RLY,RLY,OVG-WEU,Wembley Central,9100WMBYDC,Stonebridge Park,9100STNBGPK,180,,,,
RLY,RLY,OVG-WEU,Stonebridge Park,9100STNBGPK,Harlesden,9100HARLSDN,120,,,,
RLY,RLY,OVG-WEU,Harlesden,9100HARLSDN,Willesden Junction,9100WLSDJHL,120,,,,
RLY,RLY,OVG-WEU,Willesden Junction,9100WLSDJHL,Kensal Green,9100KENSLG,180,,,,
RLY,RLY,OVG-WEU,Kensal Green,9100KENSLG,Queens Park,9100QPRK,120,,,,
RLY,RLY,OVG-WEU,Queens Park,9100QPRK,Kilburn High Road,9100KLBRNHR,120,,,,
RLY,RLY,OVG-WEU,Kilburn High Road,9100KLBRNHR,South Hampstead,9100SHMPSTD,120,,,,
RLY,RLY,OVG-WEU,South Hampstead,9100SHMPSTD,London Euston,9100EUSTON,660,,,,
RLY,RLY,OVG-GOB,Gospel Oak,9100GOSPLOK,Upper Holloway,9100UPRHLWY,240,,,,
RLY,RLY,OVG-GOB,Upper Holloway,9100UPRHLWY,Crouch Hill,9100CROUCHH,180,,,,
RLY,RLY,OVG-GOB,Crouch Hill,9100CROUCHH,Harringay Green Lanes,9100HRGYGL,180,,,,
RLY,RLY,OVG-GOB,Harringay Green Lanes,9100HRGYGL,South Tottenham,9100STOTNHM,180,,,,
RLY,RLY,OVG-GOB,South Tottenham,9100STOTNHM,Blackhorse Road,9100BLCHSRD,180,,,,
RLY,RLY,OVG-GOB,Blackhorse Road,9100BLCHSRD,Walthamstow Queens Road,9100WLTHQRD,180,,,,
RLY,RLY,OVG-GOB,Walthamstow Queens Road,9100WLTHQRD,Leyton Midland Road,9100LEYTNMR,180,,,,
RLY,RLY,OVG-GOB,Leyton Midland Road,9100LEYTNMR,Leytonstone High Road,9100LYTNSHR,180,,,,
RLY,RLY,OVG-GOB,Leytonstone High Road,9100LYTNSHR,Wanstead Park,9100WNSTDPK,180,,,,
RLY,RLY,OVG-GOB,Wanstead Park,9100WNSTDPK,Woodgrange Park,9100WDGRNPK,120,,,,
RLY,RLY,OVG-GOB,Woodgrange Park,9100WDGRNPK,Barking,9100BARKING,420,,,,
RLY,RLY,OVG-LST,Cheshunt,9100CHESHNT,Theobalds Grove,9100THBLDSG,300,,,,
RLY,RLY,OVG-LST,Theobalds Grove,9100THBLDSG,Turkey Street,9100TURKYST,120,,,,
RLY,RLY,OVG-LST,Turkey Street,9100TURKYST,Southbury,9100SBURY,180,,,,
RLY,RLY,OVG-LST,Southbury,9100SBURY,Edmonton Green,9100EDMNGRN,240,,,,
RLY,RLY,OVG-LST,Enfield Town,9100ENFLDTN,Bush Hill Park,9100BHILLPK,300,,,,
RLY,RLY,OVG-LST,Bush Hill Park,9100BHILLPK,Edmonton Green,9100EDMNGRN,180,,,,
RLY,RLY,OVG-LST,Edmonton Green,9100EDMNGRN,Silver Street,9100SIVRST,120,,,,
RLY,RLY,OVG-LST,Silver Street,9100SIVRST,White Hart Lane,9100WHHRTLA,120,,,,
RLY,RLY,OVG-LST,White Hart Lane,9100WHHRTLA,Bruce Grove,9100BRUCGRV,120,,,,
RLY,RLY,OVG-LST,Bruce Grove,9100BRUCGRV,Seven Sisters,9100SEVNSIS,120,,,,
RLY,RLY,OVG-LST,Seven Sisters,9100SEVNSIS,Stamford Hill,9100STMFDHL,120,,,,
RLY,RLY,OVG-LST,Stamford Hill,9100STMFDHL,Stoke Newington,9100STKNWNG,120,,,,
RLY,RLY,OVG-LST,Stoke Newington,9100STKNWNG,Rectory Road,9100RCTRYRD,120,,,,
RLY,RLY,OVG-LST,Rectory Road,9100RCTRYRD,Hackney Downs,9100HAKNYNM,180,,,,
RLY,RLY,OVG-LST,Chingford,9100CHINGFD,Highams Park,9100HGHMSPK,480,,,,
RLY,RLY,OVG-LST,Highams Park,9100HGHMSPK,Wood Street,9100WDST,180,,,,
RLY,RLY,OVG-LST,Wood Street,9100WDST,Walthamstow Central,9100WLTWCEN,120,,,,
RLY,RLY,OVG-LST,Walthamstow Central,9100WLTWCEN,St James Street,9100STJMSST,120,,,,
RLY,RLY,OVG-LST,St James Street,9100STJMSST,Clapton,9100CLAPTON,180,,,,
RLY,RLY,OVG-LST,Clapton,9100CLAPTON,Hackney Downs,9100HAKNYNM,180,,,,
RLY,RLY,OVG-LST,Hackney Downs,9100HAKNYNM,London Fields,9100LONFLDS,120,,,,
RLY,RLY,OVG-LST,London Fields,9100LONFLDS,Cambridge Heath,9100CAMHTH,120,,,,
RLY,RLY,OVG-LST,Cambridge Heath,9100CAMHTH,Bethnal Green,9100BTHNLGR,120,,,,
RLY,RLY,OVG-LST,Bethnal Green,9100BTHNLGR,London Liverpool Street,9100LIVST,180,,,,
RLY,RLY,OVG-HSL,Clapham Junction,9100CLPHMJW,Wandsworth Road,9100WNDSWRD,360,,,,
RLY,RLY,OVG-HSL,Wandsworth Road,9100WNDSWRD,Clapham High Street,9100CLPHHS,120,,,,
RLY,RLY,OVG-HSL,Clapham High Street,9100CLPHHS,Denmark Hill,9100DENMRKH,300,,,,
RLY,RLY,OVG-HSL,Denmark Hill,9100DENMRKH,Peckham Rye,9100PKHMRYC,120,,,,
RLY,RLY,OVG-HSL,Peckham Rye,9100PKHMRYC,Queens Road Peckham,9100PCKHMQD,180,,,,
RLY,RLY,OVG-HSL,Queens Road Peckham,9100PCKHMQD,Surrey Quays,9100SURREYQ,360,,,,
RLY,RLY,OVG-HSL,West Croydon,9100WCROYDN,Norwood Junction,9100NORWDJ,480,,,,
RLY,RLY,OVG-HSL,Norwood Junction,9100NORWDJ,Anerley,9100ANERLEY,180,,,,
RLY,RLY,OVG-HSL,Anerley,9100ANERLEY,Penge West,9100PENEW,120,,,,
RLY,RLY,OVG-HSL,Penge West,9100PENEW,Sydenham,9100SYDENHM,180,,,,
RLY,RLY,OVG-HSL,Crystal Palace,9100CRYSTLP,Sydenham,9100SYDENHM,300,,,,
RLY,RLY,OVG-HSL,Sydenham,9100SYDENHM,Forest Hill,9100FORESTH,120,,,,
RLY,RLY,OVG-HSL,Forest Hill,9100FORESTH,Honor Oak Park,9100HONROPK,180,,,,
RLY,RLY,OVG-HSL,Honor Oak Park,9100HONROPK,Brockley,9100BROCKLY,180,,,,
RLY,RLY,OVG-HSL,Brockley,9100BROCKLY,New Cross Gate,9100NEWXGTE,120,,,,
RLY,RLY,OVG-HSL,New Cross Gate,9100NEWXGTE,Surrey Quays,9100SURREYQ,300,,,,
RLY,RLY,OVG-HSL,New Cross,9100NWCROSS,Surrey Quays,9100SURREYQ,360,,,,
RLY,RLY,OVG-HSL,Surrey Quays,9100SURREYQ,Canada Water,9100CNDAW,60,,,,
RLY,RLY,OVG-HSL,Canada Water,9100CNDAW,Rotherhithe,9100RTHERI,120,,,,
RLY,RLY,OVG-HSL,Rotherhithe,9100RTHERI,Wapping,9100WAPPING,120,,,,
RLY,RLY,OVG-HSL,Wapping,9100WAPPING,Shadwell,9100SHADWEL,120,,,,
RLY,RLY,OVG-HSL,Shadwell,9100SHADWEL,Whitechapel,9100WCHAPEL,120,,,,
RLY,RLY,OVG-HSL,Whitechapel,9100WCHAPEL,Shoreditch High Street,9100SHRDHST,120,,,,
RLY,RLY,OVG-HSL,Shoreditch High Street,9100SHRDHST,Hoxton,9100HOXTON,130,,,,
RLY,RLY,OVG-HSL,Hoxton,9100HOXTON,Haggerston,9100HAGGERS,120,,,,
RLY,RLY,OVG-HSL,Haggerston,9100HAGGERS,Dalston Junction,9100DALS,60,,,,
RLY,RLY,OVG-HSL,Dalston Junction,9100DALS,Canonbury,9100CNNB,180,,,,
RLY,RLY,OVG-HSL,Canonbury,9100CNNB,Highbury & Islington,9100HIGHBYA,120,,,,
RLY,RLY,OVG-SRC,Clapham Junction,9100CLPHMJW,Imperial Wharf,9100CSEAH,240,,,,
RLY,RLY,OVG-SRC,Imperial Wharf,9100CSEAH,West Brompton,9100WBRMPTN,180,,,,
RLY,RLY,OVG-SRC,West Brompton,9100WBRMPTN,Kensington (Olympia),9100KENOLYM,120,,,,
RLY,RLY,OVG-SRC,Kensington (Olympia),9100KENOLYM,Shepherds Bush,9100SHPDSB,120,,,,
RLY,RLY,OVG-SRC,Shepherds Bush,9100SHPDSB,Willesden Junction,9100WLSDJHL,540,,,,
RLY,RLY,OVG-SRC,Richmond (London),9100RICHMND,Kew Gardens,9100KEWGRDN,240,,,,
RLY,RLY,OVG-SRC,Kew Gardens,9100KEWGRDN,Gunnersbury,9100GNRSBRY,120,,,,
RLY,RLY,OVG-SRC,Gunnersbury,9100GNRSBRY,South Acton,9100SACTON,180,,,,
RLY,RLY,OVG-SRC,South Acton,9100SACTON,Acton Central,9100ACTNCTL,240,,,,
RLY,RLY,OVG-SRC,Acton Central,9100ACTNCTL,Willesden Junction,9100WLSDJHL,360,,,,
RLY,RLY,OVG-SRC,Willesden Junction,9100WLSDJHL,Kensal Rise,9100KENR,120,,,,
RLY,RLY,OVG-SRC,Kensal Rise,9100KENR,Brondesbury Park,9100BRBYPK,120,,,,
RLY,RLY,OVG-SRC,Brondesbury Park,9100BRBYPK,Brondesbury,9100BRBY,120,,,,
RLY,RLY,OVG-SRC,Brondesbury,9100BRBY,West Hampstead,9100WHMDSTD,120,,,,
RLY,RLY,OVG-SRC,West Hampstead,9100WHMDSTD,Finchley Road & Frognal,9100FNCHLYR,60,,,,
RLY,RLY,OVG-SRC,Finchley Road & Frognal,9100FNCHLYR,Hampstead Heath,9100HMPSTDH,180,,,,
RLY,RLY,OVG-SRC,Hampstead Heath,9100HMPSTDH,Gospel Oak,9100GOSPLOK,120,,,,
RLY,RLY,OVG-SRC,Gospel Oak,9100GOSPLOK,Kentish Town West,9100KNTSHTW,120,,,,
RLY,RLY,OVG-SRC,Kentish Town West,9100KNTSHTW,Camden Road,9100CMDNRD,240,,,,
RLY,RLY,OVG-SRC,Camden Road,9100CMDNRD,Caledonian Road & Barnesbury,9100BYFLANH,180,,,,
RLY,RLY,OVG-SRC,Caledonian Road & Barnesbury,9100BYFLANH,Highbury & Islington,9100HIGHBYA,180,,,,
RLY,RLY,OVG-SRC,Highbury & Islington,9100HIGHBYA,Canonbury,9100CNNB,120,,,,
RLY,RLY,OVG-SRC,Canonbury,9100CNNB,Dalston Kingsland,9100DALSKLD,120,,,,
RLY,RLY,OVG-SRC,Dalston Kingsland,9100DALSKLD,Hackney Central,9100HACKNYC,120,,,,
RLY,RLY,OVG-SRC,Hackney Central,9100HACKNYC,Homerton,9100HOMRTON,120,,,,
RLY,RLY,OVG-SRC,Homerton,9100HOMRTON,Hackney Wick,9100HACKNYW,120,,,,
RLY,RLY,OVG-SRC,Hackney Wick,9100HACKNYW,Stratford (London),9100STFD,360,,,,
RLY,RLY,OVG-ROM,Romford,9100ROMFORD,Emerson Park,9100EMRSPKH,240,,,,
RLY,RLY,OVG-ROM,Emerson Park,9100EMRSPKH,Upminster,9100UPMNSTR,300,,,,
RLY,RLY,ELZ-E,Shenfield,9100SHENFLD,Brentwood,9100BRTWOOD,360,,,,
RLY,RLY,ELZ-E,Brentwood,9100BRTWOOD,Harold Wood,9100HRLDWOD,240,,,,
RLY,RLY,ELZ-E,Harold Wood,9100HRLDWOD,Gidea Park,9100GIDEAPK,180,,,,
RLY,RLY,ELZ-E,Gidea Park,9100GIDEAPK,Romford,9100ROMFORD,240,,,,
RLY,RLY,ELZ-E,Romford,9100ROMFORD,Chadwell Heath,9100CHDWLHT,240,,,,
RLY,RLY,ELZ-E,Chadwell Heath,9100CHDWLHT,Goodmayes,9100GODMAYS,120,,,,
RLY,RLY,ELZ-E,Goodmayes,9100GODMAYS,Seven Kings,9100SVNKNGS,120,,,,
RLY,RLY,ELZ-E,Seven Kings,9100SVNKNGS,Ilford,9100ILFORD,120,,,,
RLY,RLY,ELZ-E,Ilford,9100ILFORD,Manor Park,9100MANRPK,180,,,,
RLY,RLY,ELZ-E,Manor Park,9100MANRPK,Forest Gate,9100FRSTGT,120,,,,
RLY,RLY,ELZ-E,Forest Gate,9100FRSTGT,Maryland,9100MRYLAND,120,,,,
RLY,RLY,ELZ-E,Maryland,9100MRYLAND,Stratford (London),9100STFD,120,,,,
RLY,RLY,ELZ-E,Stratford (London),9100STFD,London Liverpool Street,9100LIVST,420,,,,
RLY,RLY,ELZ-W,London Paddington,9100PADTON,Acton Main Line,9100ACTONML,480,,,,
RLY,RLY,ELZ-W,Acton Main Line,9100ACTONML,Ealing Broadway,9100EALINGB,180,,,,
RLY,RLY,ELZ-W,Ealing Broadway,9100EALINGB,West Ealing,9100WEALING,120,,,,
RLY,RLY,ELZ-W,West Ealing,9100WEALING,Hanwell,9100HANWELL,120,,,,
RLY,RLY,ELZ-W,Hanwell,9100HANWELL,Southall,9100STHALL,240,,,,
RLY,RLY,ELZ-W,Southall,9100STHALL,Hayes & Harlington,9100HAYESAH,240,,,,
RLY,RLY,ELZ-W,Hayes & Harlington,9100HAYESAH,Heathrow Terminals 2 & 3,9100HTRWAPT,720,,,,
RLY,RLY,ELZ-W,Heathrow Terminals 2 & 3,9100HTRWAPT,Heathrow Terminal 4,9100HTRWTM4,240,,,,
RLY,RLY,ELZ-W,Heathrow Terminals 2 & 3,9100HTRWAPT,Heathrow Terminal 5,9100HTRWTM5,240,,,,
DLR,DLR,DLR,Bank,9400ZZDLBNK,Shadwell,9400ZZDLSHA,240,,,,
DLR,DLR,DLR,Tower Gateway,9400ZZDLTWG,Shadwell,9400ZZDLSHA,120,,,,
DLR,DLR,DLR,Shadwell,9400ZZDLSHA,Limehouse,9400ZZDLLIM,120,,,,
DLR,DLR,DLR,Limehouse,9400ZZDLLIM,Westferry,9400ZZDLWFE,120,,,,
DLR,DLR,DLR,Westferry,9400ZZDLWFE,Poplar,9400ZZDLPOP,60,,,,
DLR,DLR,DLR,Poplar,9400ZZDLPOP,Blackwall,9400ZZDLBLA,120,,,,
DLR,DLR,DLR,Blackwall,9400ZZDLBLA,East India,9400ZZDLEIN,60,,,,
DLR,DLR,DLR,East India,9400ZZDLEIN,Canning Town,9400ZZDLCGT,120,,,,
DLR,DLR,DLR,Canning Town,9400ZZDLCGT,Royal Victoria,9400ZZDLRVC,120,,,,
DLR,DLR,DLR,Royal Victoria,9400ZZDLRVC,Custom House,9400ZZDLCUS,60,,,,
DLR,DLR,DLR,Custom House,9400ZZDLCUS,Prince Regent,9400ZZDLPRE,60,,,,
DLR,DLR,DLR,Prince Regent,9400ZZDLPRE,Royal Albert,9400ZZDLRAL,120,,,,
DLR,DLR,DLR,Royal Albert,9400ZZDLRAL,Beckton Park,9400ZZDLBPK,60,,,,
DLR,DLR,DLR,Beckton Park,9400ZZDLBPK,Cyprus,9400ZZDLCYP,60,,,,
DLR,DLR,DLR,Cyprus,9400ZZDLCYP,Gallions Reach,9400ZZDLGAL,120,,,,
DLR,DLR,DLR,Gallions Reach,9400ZZDLGAL,Beckton,9400ZZDLBEC,120,,,,
DLR,DLR,DLR,Canning Town,9400ZZDLCGT,West Silvertown,9400ZZDLWSV,180,,,,
DLR,DLR,DLR,West Silvertown,9400ZZDLWSV,Pontoon Dock,9400ZZDLPDK,120,,,,
DLR,DLR,DLR,Pontoon Dock,9400ZZDLPDK,London City Airport,9400ZZDLLCA,120,,,,
DLR,DLR,DLR,London City Airport,9400ZZDLLCA,King George V,9400ZZDLKGV,120,,,,
DLR,DLR,DLR,King George V,9400ZZDLKGV,Woolwich Arsenal,9400ZZDLWLA,240,,,,
DLR,DLR,DLR,Stratford International,9400ZZDLSIT,Stratford,9400ZZDLSTD,60,,,,
DLR,DLR,DLR,Stratford,9400ZZDLSTD,Stratford High Street,9400ZZDLSHS,60,,,,
DLR,DLR,DLR,Stratford High Street,9400ZZDLSHS,Abbey Road,9400ZZDLABR,120,,,,
DLR,DLR,DLR,Abbey Road,9400ZZDLABR,West Ham,9400ZZDLWHM,60,,,,
DLR,DLR,DLR,West Ham,9400ZZDLWHM,Star Lane,9400ZZDLSTL,120,,,,
DLR,DLR,DLR,Star Lane,9400ZZDLSTL,Canning Town,9400ZZDLCGT,60,,,,
DLR,DLR,DLR,Canning Town,9400ZZDLCGT,Royal Victoria,9400ZZDLRVC,120,,,,
DLR,DLR,DLR,Canning Town,9400ZZDLCGT,West Silvertown,9400ZZDLWSV,180,,,,
DLR,DLR,DLR,Stratford,9400ZZDLSTD,Pudding Mill Lane,9400ZZDLPUD,120,,,,
DLR,DLR,DLR,Pudding Mill Lane,9400ZZDLPUD,Bow Church,9400ZZDLBOW,120,,,,
DLR,DLR,DLR,Bow Church,9400ZZDLBOW,Devons Road,9400ZZDLDEV,60,,,,
DLR,DLR,DLR,Devons Road,9400ZZDLDEV,Langdon Park,9400ZZDLLDP,120,,,,
DLR,DLR,DLR,Langdon Park,9400ZZDLLDP,All Saints,9400ZZDLALL,60,,,,
DLR,DLR,DLR,All Saints,9400ZZDLALL,Poplar,9400ZZDLPOP,120,,,,
DLR,DLR,DLR,Poplar,9400ZZDLPOP,West India Quay,9400ZZDLWIQ,120,,,,
DLR,DLR,DLR,West India Quay,9400ZZDLWIQ,Canary Wharf,9400ZZDLCAN,60,,,,
DLR,DLR,DLR,Westferry,9400ZZDLWFE,West India Quay,9400ZZDLWIQ,120,,,,
DLR,DLR,DLR,Canary Wharf,9400ZZDLCAN,Heron Quays,9400ZZDLHEQ,60,,,,
DLR,DLR,DLR,Heron Quays,9400ZZDLHEQ,South Quay,9400ZZDLSOQ,120,,,,
DLR,DLR,DLR,South Quay,9400ZZDLSOQ,Crossharbour,9400ZZDLCLA,120,,,,
DLR,DLR,DLR,Crossharbour,9400ZZDLCLA,Mudchute,9400ZZDLMUD,60,,,,
DLR,DLR,DLR,Mudchute,9400ZZDLMUD,Island Gardens,9400ZZDLISL,60,,,,
DLR,DLR,DLR,Island Gardens,9400ZZDLISL,Cutty Sark,9400ZZDLCUT,120,,,,
DLR,DLR,DLR,Cutty Sark,9400ZZDLCUT,Greenwich,9400ZZDLGRE,60,,,,
DLR,DLR,DLR,Greenwich,9400ZZDLGRE,Deptford Bridge,9400ZZDLDEP,120,,,,
DLR,DLR,DLR,Deptford Bridge,9400ZZDLDEP,Elverson Road,9400ZZDLELV,120,,,,
DLR,DLR,DLR,Elverson Road,9400ZZDLELV,Lewisham,9400ZZDLLEW,120,,,,
TRM,TRM,TRM,Wimbledon,9400ZZCRWMB,Dundonald Road,9400ZZCRDDR,60,,,,
TRM,TRM,TRM,Dundonald Road,9400ZZCRDDR,Merton Park,9400ZZCRMTP,60,,,,
TRM,TRM,TRM,Merton Park,9400ZZCRMTP,Morden Road,9400ZZCRMDN,120,,,,
TRM,TRM,TRM,Morden Road,9400ZZCRMDN,Phipps Bridge,9400ZZCRPHI,120,,,,
TRM,TRM,TRM,Phipps Bridge,9400ZZCRPHI,Belgrave Walk,9400ZZCRBGV,60,,,,
TRM,TRM,TRM,Belgrave Walk,9400ZZCRBGV,Mitcham,9400ZZCRMCH,120,,,,
TRM,TRM,TRM,Mitcham,9400ZZCRMCH,Mitcham Junction,9400ZZCRMJT,180,,,,
TRM,TRM,TRM,Mitcham Junction,9400ZZCRMJT,Beddington Lane,9400ZZCRBED,120,,,,
TRM,TRM,TRM,Beddington Lane,9400ZZCRBED,Therapia Lane,9400ZZCRTPA,120,,,,
TRM,TRM,TRM,Therapia Lane,9400ZZCRTPA,Ampere Way,9400ZZCRAMP,60,,,,
TRM,TRM,TRM,Ampere Way,9400ZZCRAMP,Waddon Marsh,9400ZZCRWAD,120,,,,
TRM,TRM,TRM,Waddon Marsh,9400ZZCRWAD,Wandle Park,9400ZZCRWAN,120,,,,
TRM,TRM,TRM,Wandle Park,9400ZZCRWAN,Reeves Corner,9400ZZCRRVC,120,,,,
TRM,TRM,TRM,Reeves Corner,9400ZZCRRVC,Centrale,9400ZZCRCTR,60,,,,
TRM,TRM,TRM,Centrale,9400ZZCRCTR,West Croydon,9400ZZCRWCR,60,,,,
TRM,TRM,TRM,West Croydon,9400ZZCRWCR,Wellesley Road,9400ZZCRWEL,60,,,,
TRM,TRM,TRM,Wellesley Road,9400ZZCRWEL,East Croydon,9400ZZCRECR,60,,,,
TRM,TRM,TRM,East Croydon,9400ZZCRECR,George Street,9400ZZCRCEN,60,,,,
TRM,TRM,TRM,George Street,9400ZZCRCEN,Church Street,9400ZZCRCHR,60,,,,
TRM,TRM,TRM,Church Street,9400ZZCRCHR,Centrale,9400ZZCRCTR,60,,,,
TRM,TRM,TRM,Church Street,9400ZZCRCHR,Wandle Park,9400ZZCRWAN,120,,,,
TRM,TRM,TRM,East Croydon,9400ZZCRECR,Lebanon Road,9400ZZCRLEB,60,,,,
TRM,TRM,TRM,Lebanon Road,9400ZZCRLEB,Sandilands,9400ZZCRSAN,60,,,,
TRM,TRM,TRM,Sandilands,9400ZZCRSAN,Addiscombe,9400ZZCRADD,120,,,,
TRM,TRM,TRM,Addiscombe,9400ZZCRADD,Blackhorse Lane,9400ZZCRBLA,120,,,,
TRM,TRM,TRM,Blackhorse Lane,9400ZZCRBLA,Woodside,9400ZZCRWOD,120,,,,
TRM,TRM,TRM,Woodside,9400ZZCRWOD,Arena,9400ZZCRARA,120,,,,
TRM,TRM,TRM,Arena,9400ZZCRARA,Elmers End,9400ZZCRELM,180,,,,
TRM,TRM,TRM,Arena,9400ZZCRARA,Harrington Road,9400ZZCRHAR,180,,,,
TRM,TRM,TRM,Harrington Road,9400ZZCRHAR,Birkbeck,9400ZZCRBIR,120,,,,
TRM,TRM,TRM,Birkbeck,9400ZZCRBIR,Avenue Road,9400ZZCRAVE,120,,,,
TRM,TRM,TRM,Avenue Road,9400ZZCRAVE,Beckenham Road,9400ZZCRBRD,120,,,,
TRM,TRM,TRM,Beckenham Road,9400ZZCRBRD,Beckenham Junction,9400ZZCRBEK,180,,,,
TRM,TRM,TRM,Sandilands,9400ZZCRSAN,Lloyd Park,9400ZZCRLOY,120,,,,
TRM,TRM,TRM,Lloyd Park,9400ZZCRLOY,Coombe Lane,9400ZZCRCOO,180,,,,
TRM,TRM,TRM,Coombe Lane,9400ZZCRCOO,Gravel Hill,9400ZZCRGRA,180,,,,
TRM,TRM,TRM,Gravel Hill,9400ZZCRGRA,Addington Village,9400ZZCRADV,120,,,,
TRM,TRM,TRM,Addington Village,9400ZZCRADV,Fieldway,9400ZZCRFLD,120,,,,
TRM,TRM,TRM,Fieldway,9400ZZCRFLD,King Henry's Drive,9400ZZCRKGH,120,,,,
TRM,TRM,TRM,King Henry's Drive,9400ZZCRKGH,New Addington,9400ZZCRNWA,60,,,,
RLY,RLY,XGN,Moorgate,9100MGTE,Old Street,9100OLDST,154,,,,
RLY,RLY,XGN,Old Street,9100OLDST,Essex Road,9100ESSEXRD,197,,,,
RLY,RLY,XGN,Essex Road,9100ESSEXRD,Highbury & Islington,9100HIGHBYA,134,,,,
RLY,RLY,XGN,Highbury & Islington,9100HIGHBYA,Drayton Park,9100DRYP,140,,,,
RLY,RLY,XGN,Drayton Park,9100DRYP,Finsbury Park,9100FNPK,219,,,,
RLY,RLY,XGN,Finsbury Park,9100FNPK,Harringay,9100HRGY,170,,,,
RLY,RLY,XGN,Harringay,9100HRGY,Hornsey,9100HRNSY,108,,,,
RLY,RLY,XGN,Hornsey,9100HRNSY,Alexandra Palace,9100ALEXNDP,206,,,,
RLY,RLY,XGN,Alexandra Palace,9100ALEXNDP,Bowes Park,9100BOWESPK,181,,,,
RLY,RLY,XGN,Bowes Park,9100BOWESPK,Palmers Green,9100PALMRSG,176,,,,
RLY,MET,ICG,Stratford (London),9100STFD,Stratford,9400ZZLUSTD,210,,,,
RLY,DLR,ICG,Stratford (London),9100STFD,Stratford,9400ZZDLSTD,210,,,,
RLY,MET,ICG,London Liverpool Street,9100LIVST,Liverpool Street,9400ZZLULVT,210,,,,
RLY,MET,ICG,London Euston,9100EUSTON,Euston,9400ZZLUEUS,210,,,,
RLY,MET,ICG,London Paddington,9100PADTON,Paddington,9400ZZLUPAC,210,,,,
MET,DLR,ICG,Tower Hill,9400ZZLUTWH,Tower Gateway,9400ZZDLTWG,210,,,,
RLY,RLY,ICG,Hackney Downs,9100HAKNYNM,Hackney Central,9100HACKNYC,210,,,,
