VIC,BRIXTON,STOCKWELL,123
VIC,STOCKWELL,VAUXHALL,128
VIC,VAUXHALL,PIMLICO,87
VIC,PIMLICO,VICTORIA,118
VIC,VICTORIA,GREEN PARK,111
VIC,GREEN PARK,OXFORD CIRCUS,119
VIC,OXFORD CIRCUS,WARREN STREET,101
VIC,WARREN STREET,EUSTON,89
VIC,EUSTON,KINGS CROSS,87
VIC,KINGS CROSS,HIGHBURY & ISLINGTON,164
VIC,HIGHBURY & ISLINGTON,FINSBURY PARK,145
VIC,FINSBURY PARK,SEVEN SISTERS,206
VIC,SEVEN SISTERS,TOTTENHAM HALE,101
VIC,TOTTENHAM HALE,BLACKHORSE ROAD,111
VIC,BLACKHORSE ROAD,WALTHAMSTOW CENTRAL,100
PIC,COCKFOSTERS,OAKWOOD,162
PIC,OAKWOOD,SOUTHGATE,162
PIC,SOUTHGATE,ARNOS GROVE,245
PIC,ARNOS GROVE,BOUNDS GREEN,141
PIC,BOUNDS GREEN,WOOD GREEN,147
PIC,WOOD GREEN,TURNPIKE LANE,107
PIC,TURNPIKE LANE,MANOR HOUSE,195
PIC,MANOR HOUSE,FINSBURY PARK,138
PIC,FINSBURY PARK,ARSENAL,93
PIC,ARSENAL,HOLLOWAY ROAD,95
PIC,HOLLOWAY ROAD,CALEDONIAN ROAD,87
PIC,CALEDONIAN ROAD,KINGS CROSS,202
PIC,KINGS CROSS,RUSSELL SQUARE,116
PIC,RUSSELL SQUARE,HOLBORN,108
PIC,HOLBORN,COVENT GARDEN,104
PIC,COVENT GARDEN,LEICESTER SQUARE,66
PIC,LEICESTER SQUARE,PICCADILLY CIRCUS,85
PIC,PICCADILLY CIRCUS,GREEN PARK,95
PIC,GREEN PARK,HYDE PARK CORNER,123
PIC,HYDE PARK CORNER,KNIGHTSBRIDGE,90
PIC,KNIGHTSBRIDGE,SOUTH KENSINGTON,158
PIC,SOUTH KENSINGTON,GLOUCESTER ROAD,106
PIC,GLOUCESTER ROAD,EARLS COURT,102
PIC,EARLS COURT,BARONS COURT,184
PIC,BARONS COURT,HAMMERSMITH,126
PIC,HAMMERSMITH,ACTON TOWN,380
PIC,ACTON TOWN,SOUTH EALING,202
PIC,SOUTH EALING,NORTHFIELDS,78
PIC,NORTHFIELDS,BOSTON MANOR,115
PIC,BOSTON MANOR,OSTERLEY,194
PIC,OSTERLEY,HOUNSLOW EAST,115
PIC,HOUNSLOW EAST,HOUNSLOW CENTRAL,97
PIC,HOUNSLOW CENTRAL,HOUNSLOW WEST,155
PIC,HATTON CROSS,HEATHROW T4,138
PIC,HATTON CROSS,HEATHROW T123,249
PIC,HEATHROW T123,HEATHROW T5,195
PIC,ACTON TOWN,EALING COMMON,146
PIC,EALING COMMON,NORTH EALING,126
PIC,NORTH EALING,PARK ROYAL,120
PIC,PARK ROYAL,ALPERTON,161
PIC,ALPERTON,SUDBURY TOWN,143
PIC,SUDBURY TOWN,SUDBURY HILL,159
PIC,SUDBURY HILL,SOUTH HARROW,144
PIC,SOUTH HARROW,RAYNERS LANE,188
PIC,RAYNERS LANE,EASTCOTE,150
PIC,EASTCOTE,RUISLIP MANOR,124
PIC,RUISLIP MANOR,RUISLIP,93
PIC,RUISLIP,ICKENHAM,150
PIC,ICKENHAM,HILLINGDON,115
PIC,HILLINGDON,UXBRIDGE,210
WTC,WATERLOO,BANK,255
NTH,EDGWARE,BURNT OAK,149
NTH,BURNT OAK,COLINDALE,135
NTH,COLINDALE,HENDON CENTRAL,174
NTH,HENDON CENTRAL,BRENT CROSS,112
NTH,BRENT CROSS,GOLDERS GREEN,153
NTH,GOLDERS GREEN,HAMPSTEAD,208
NTH,HAMPSTEAD,BELSIZE PARK,120
NTH,BELSIZE PARK,CHALK FARM,110
NTH,CHALK FARM,CAMDEN TOWN,102
NTH,MILL HILL EAST,FINCHLEY CENTRAL,159
NTH,HIGH BARNET,TOTTERIDGE & WHETSTONE,187
NTH,TOTTERIDGE & WHETSTONE,WOODSIDE PARK,127
NTH,WOODSIDE PARK,WEST FINCHLEY,105
NTH,WEST FINCHLEY,FINCHLEY CENTRAL,127
NTH,FINCHLEY CENTRAL,EAST FINCHLEY,181
NTH,EAST FINCHLEY,HIGHGATE,156
NTH,HIGHGATE,ARCHWAY,166
NTH,ARCHWAY,TUFNELL PARK,98
NTH,TUFNELL PARK,KENTISH TOWN,95
NTH,KENTISH TOWN,CAMDEN TOWN,132
NTH,CAMDEN TOWN,MORNINGTON CRESCENT,101
NTH,MORNINGTON CRESCENT,EUSTON,111
NTH,EUSTON,WARREN STREET,87
NTH,WARREN STREET,GOODGE STREET,74
NTH,GOODGE STREET,TOTTENHAM COURT ROAD,89
NTH,TOTTENHAM COURT ROAD,LEICESTER SQUARE,70
NTH,LEICESTER SQUARE,CHARING CROSS,80
NTH,CHARING CROSS,EMBANKMENT,63
NTH,EMBANKMENT,WATERLOO,90
NTH,WATERLOO,KENNINGTON,167
NTH,CAMDEN TOWN,EUSTON,190
NTH,EUSTON,KINGS CROSS,101
NTH,KINGS CROSS,ANGEL,147
NTH,ANGEL,OLD STREET,144
NTH,OLD STREET,MOORGATE,98
NTH,MOORGATE,BANK,121
NTH,BANK,LONDON BRIDGE,105
NTH,LONDON BRIDGE,BOROUGH,93
NTH,BOROUGH,ELEPHANT & CASTLE,123
NTH,ELEPHANT & CASTLE,KENNINGTON,103
NTH,KENNINGTON,OVAL,115
NTH,OVAL,STOCKWELL,137
NTH,STOCKWELL,CLAPHAM NORTH,96
NTH,CLAPHAM NORTH,CLAPHAM COMMON,92
NTH,CLAPHAM COMMON,CLAPHAM SOUTH,129
NTH,CLAPHAM SOUTH,BALHAM,120
NTH,BALHAM,TOOTING BEC,107
NTH,TOOTING BEC,TOOTING BROADWAY,116
NTH,TOOTING BROADWAY,COLLIERS WOOD,122
NTH,COLLIERS WOOD,SOUTH WIMBLEDON,118
NTH,SOUTH WIMBLEDON,MORDEN,137
MET,CHESHAM,CHALFONT & LATIMER,510
MET,AMERSHAM,CHALFONT & LATIMER,210
MET,CHALFONT & LATIMER,CHORLEYWOOD,213
MET,CHORLEYWOOD,RICKMANSWORTH,224
MET,RICKMANSWORTH,MOOR PARK,224
MET,MOOR PARK,HARROW-ON-THE-HILL,531
MET,RICKMANSWORTH,CROXLEY,275
MET,WATFORD,CROXLEY,160
MET,CROXLEY,MOOR PARK,234
MET,MOOR PARK,NORTHWOOD,168
MET,NORTHWOOD,NORTHWOOD HILLS,135
MET,NORTHWOOD HILLS,PINNER,151
MET,PINNER,NORTH HARROW,128
MET,NORTH HARROW,HARROW-ON-THE-HILL,181
MET,UXBRIDGE,HILLINGDON,170
MET,HILLINGDON,ICKENHAM,111
MET,ICKENHAM,RUISLIP,153
MET,RUISLIP,RUISLIP MANOR,96
MET,RUISLIP MANOR,EASTCOTE,118
MET,EASTCOTE,RAYNERS LANE,147
MET,RAYNERS LANE,WEST HARROW,128
MET,HARROW-ON-THE-HILL,FINCHLEY ROAD,641
MET,HARROW-ON-THE-HILL,NORTHWICK PARK,134
MET,NORTHWICK PARK,PRESTON ROAD,134
MET,PRESTON ROAD,WEMBLEY PARK,144
MET,WEMBLEY PARK,FINCHLEY ROAD,423
MET,FINCHLEY ROAD,BAKER STREET,370
MET,BAKER STREET,GREAT PORTLAND STREET,134
MET,GREAT PORTLAND STREET,EUSTON SQUARE,95
MET,EUSTON SQUARE,KINGS CROSS,135
MET,KINGS CROSS,FARRINGDON,200
MET,FARRINGDON,BARBICAN,98
MET,BARBICAN,MOORGATE,105
MET,MOORGATE,LIVERPOOL STREET,102
MET,LIVERPOOL STREET,ALDGATE,127
JUB,STANMORE,CANONS PARK,143
JUB,CANONS PARK,QUEENSBURY,137
JUB,QUEENSBURY,KINGSBURY,123
JUB,KINGSBURY,WEMBLEY PARK,217
JUB,WEMBLEY PARK,NEASDEN,169
JUB,NEASDEN,DOLLIS HILL,96
JUB,DOLLIS HILL,WILLESDEN GREEN,116
JUB,WILLESDEN GREEN,KILBURN,117
JUB,KILBURN,WEST HAMPSTEAD,103
JUB,WEST HAMPSTEAD,FINCHLEY ROAD,95
JUB,FINCHLEY ROAD,SWISS COTTAGE,81
JUB,SWISS COTTAGE,ST JOHNS WOOD,100
JUB,ST JOHNS WOOD,BAKER STREET,156
JUB,BAKER STREET,BOND STREET,149
JUB,BOND STREET,GREEN PARK,113
JUB,GREEN PARK,WESTMINSTER,126
JUB,WESTMINSTER,WATERLOO,100
JUB,WATERLOO,SOUTHWARK,68
JUB,SOUTHWARK,LONDON BRIDGE,114
JUB,LONDON BRIDGE,BERMONDSEY,137
JUB,BERMONDSEY,CANADA WATER,101
JUB,CANADA WATER,CANARY WHARF,154
JUB,CANARY WHARF,NORTH GREENWICH,127
JUB,NORTH GREENWICH,CANNING TOWN,149
JUB,CANNING TOWN,WEST HAM,143
JUB,WEST HAM,STRATFORD,160
DIS,EALING BROADWAY,EALING COMMON,197
DIS,EALING COMMON,ACTON TOWN,145
DIS,ACTON TOWN,CHISWICK PARK,130
DIS,CHISWICK PARK,TURNHAM GREEN,111
DIS,RICHMOND,KEW GARDENS,217
DIS,KEW GARDENS,GUNNERSBURY,164
DIS,GUNNERSBURY,TURNHAM GREEN,184
DIS,TURNHAM GREEN,STAMFORD BROOK,80
DIS,STAMFORD BROOK,RAVENSCOURT PARK,98
DIS,RAVENSCOURT PARK,HAMMERSMITH,134
DIS,HAMMERSMITH,BARONS COURT,99
DIS,BARONS COURT,WEST KENSINGTON,95
DIS,WEST KENSINGTON,EARLS COURT,149
DIS,KENSINGTON (OLYMPIA),EARLS COURT,216
DIS,WIMBLEDON,WIMBLEDON PARK,173
DIS,WIMBLEDON PARK,SOUTHFIELDS,135
DIS,SOUTHFIELDS,EAST PUTNEY,155
DIS,EAST PUTNEY,PUTNEY BRIDGE,131
DIS,PUTNEY BRIDGE,PARSONS GREEN,122
DIS,PARSONS GREEN,FULHAM BROADWAY,105
DIS,FULHAM BROADWAY,WEST BROMPTON,117
DIS,WEST BROMPTON,EARLS COURT,118
DIS,EARLS COURT,HIGH STREET KENSINGTON,203
DIS,HIGH STREET KENSINGTON,NOTTING HILL GATE,124
DIS,NOTTING HILL GATE,BAYSWATER,106
DIS,BAYSWATER,PADDINGTON,123
DIS,PADDINGTON,EDGWARE ROAD,120
DIS,EARLS COURT,GLOUCESTER ROAD,143
DIS,GLOUCESTER ROAD,SOUTH KENSINGTON,109
DIS,SOUTH KENSINGTON,SLOANE SQUARE,137
DIS,SLOANE SQUARE,VICTORIA,135
DIS,VICTORIA,ST JAMES PARK,104
DIS,ST JAMES PARK,WESTMINSTER,111
DIS,WESTMINSTER,EMBANKMENT,106
DIS,EMBANKMENT,TEMPLE,99
DIS,TEMPLE,BLACKFRIARS,104
DIS,BLACKFRIARS,MANSION HOUSE,107
DIS,MANSION HOUSE,CANNON STREET,76
DIS,CANNON STREET,MONUMENT,81
DIS,MONUMENT,TOWER HILL,114
DIS,TOWER HILL,ALDGATE EAST,138
DIS,ALDGATE EAST,WHITECHAPEL,137
DIS,WHITECHAPEL,STEPNEY GREEN,125
DIS,STEPNEY GREEN,MILE END,118
DIS,MILE END,BOW ROAD,86
DIS,BOW ROAD,BROMLEY-BY-BOW,130
DIS,BROMLEY-BY-BOW,WEST HAM,135
DIS,WEST HAM,PLAISTOW,99
DIS,PLAISTOW,UPTON PARK,128
DIS,UPTON PARK,EAST HAM,131
DIS,EAST HAM,BARKING,211
DIS,BARKING,UPNEY,133
DIS,UPNEY,BECONTREE,150
DIS,BECONTREE,DAGENHAM HEATHWAY,127
DIS,DAGENHAM HEATHWAY,DAGENHAM EAST,127
DIS,DAGENHAM EAST,ELM PARK,180
DIS,ELM PARK,HORNCHURCH,136
DIS,HORNCHURCH,UPMINSTER BRIDGE,124
DIS,UPMINSTER BRIDGE,UPMINSTER,130
CIR,ALDGATE,TOWER HILL,111
CIR,TOWER HILL,MONUMENT,109
CIR,MONUMENT,CANNON STREET,74
CIR,CANNON STREET,MANSION HOUSE,76
CIR,MANSION HOUSE,BLACKFRIARS,93
CIR,BLACKFRIARS,TEMPLE,105
CIR,TEMPLE,EMBANKMENT,106
CIR,EMBANKMENT,WESTMINSTER,99
CIR,WESTMINSTER,ST JAMES PARK,105
CIR,ST JAMES PARK,VICTORIA,109
CIR,VICTORIA,SLOANE SQUARE,130
CIR,SLOANE SQUARE,SOUTH KENSINGTON,148
CIR,SOUTH KENSINGTON,GLOUCESTER ROAD,111
CIR,GLOUCESTER ROAD,HIGH STREET KENSINGTON,154
CIR,HIGH STREET KENSINGTON,NOTTING HILL GATE,124
CIR,NOTTING HILL GATE,BAYSWATER,106
CIR,BAYSWATER,PADDINGTON (CIRCLE),123
CIR,PADDINGTON (CIRCLE),EDGWARE ROAD,120
CIR,HAMMERSMITH,GOLDHAWK ROAD,119
CIR,GOLDHAWK ROAD,SHEPHERDS BUSH,86
CIR,SHEPHERDS BUSH,WOOD LANE,81
CIR,WOOD LANE,LATIMER ROAD,84
CIR,LATIMER ROAD,LADBROKE GROVE,94
CIR,LADBROKE GROVE,WESTBOURNE PARK,103
CIR,WESTBOURNE PARK,ROYAL OAK,120
CIR,ROYAL OAK,PADDINGTON (BRANCH),110
CIR,PADDINGTON (BRANCH),EDGWARE ROAD,160
CIR,EDGWARE ROAD,BAKER STREET,150
CIR,BAKER STREET,GREAT PORTLAND STREET,135
CIR,GREAT PORTLAND STREET,EUSTON SQUARE,95
CIR,EUSTON SQUARE,KINGS CROSS,135
CIR,KINGS CROSS,FARRINGDON,200
CIR,FARRINGDON,BARBICAN,98
CIR,BARBICAN,MOORGATE,105
CIR,MOORGATE,LIVERPOOL STREET,102
CIR,LIVERPOOL STREET,ALDGATE,146
HAM,ALDGATE,TOWER HILL,111
HAM,TOWER HILL,MONUMENT,109
HAM,MONUMENT,CANNON STREET,74
HAM,CANNON STREET,MANSION HOUSE,76
HAM,MANSION HOUSE,BLACKFRIARS,93
HAM,BLACKFRIARS,TEMPLE,105
HAM,TEMPLE,EMBANKMENT,106
HAM,EMBANKMENT,WESTMINSTER,99
HAM,WESTMINSTER,ST JAMES PARK,105
HAM,ST JAMES PARK,VICTORIA,109
HAM,VICTORIA,SLOANE SQUARE,130
HAM,SLOANE SQUARE,SOUTH KENSINGTON,148
HAM,SOUTH KENSINGTON,GLOUCESTER ROAD,111
HAM,GLOUCESTER ROAD,HIGH STREET KENSINGTON,154
HAM,HIGH STREET KENSINGTON,NOTTING HILL GATE,124
HAM,NOTTING HILL GATE,BAYSWATER,106
HAM,BAYSWATER,PADDINGTON (CIRCLE),123
HAM,PADDINGTON (CIRCLE),EDGWARE ROAD,120
HAM,HAMMERSMITH,GOLDHAWK ROAD,119
HAM,GOLDHAWK ROAD,SHEPHERDS BUSH,86
HAM,SHEPHERDS BUSH,WOOD LANE,81
HAM,WOOD LANE,LATIMER ROAD,84
HAM,LATIMER ROAD,LADBROKE GROVE,94
HAM,LADBROKE GROVE,WESTBOURNE PARK,103
HAM,WESTBOURNE PARK,ROYAL OAK,120
HAM,ROYAL OAK,PADDINGTON (BRANCH),110
HAM,PADDINGTON (BRANCH),EDGWARE ROAD,160
HAM,EDGWARE ROAD,BAKER STREET,150
HAM,BAKER STREET,GREAT PORTLAND STREET,135
HAM,GREAT PORTLAND STREET,EUSTON SQUARE,95
HAM,EUSTON SQUARE,KINGS CROSS,135
HAM,KINGS CROSS,FARRINGDON,200
HAM,FARRINGDON,BARBICAN,98
HAM,BARBICAN,MOORGATE,105
HAM,MOORGATE,LIVERPOOL STREET,102
HAM,LIVERPOOL STREET,ALDGATE,146
HAM,LIVERPOOL STREET,ALDGATE EAST,156
HAM,ALDGATE EAST,WHITECHAPEL,137
HAM,WHITECHAPEL,STEPNEY GREEN,125
HAM,STEPNEY GREEN,MILE END,118
HAM,MILE END,BOW ROAD,86
HAM,BOW ROAD,BROMLEY-BY-BOW,130
HAM,BROMLEY-BY-BOW,WEST HAM,135
HAM,WEST HAM,PLAISTOW,99
HAM,PLAISTOW,UPTON PARK,128
HAM,UPTON PARK,EAST HAM,131
HAM,EAST HAM,BARKING,211
CEN,WEST RUISLIP,RUISLIP GARDENS,155
CEN,RUISLIP GARDENS,SOUTH RUISLIP,94
CEN,SOUTH RUISLIP,NORTHOLT,159
CEN,NORTHOLT,GREENFORD,137
CEN,GREENFORD,PERIVALE,130
CEN,PERIVALE,HANGER LANE,146
CEN,HANGER LANE,NORTH ACTON,200
CEN,EALING BROADWAY,WEST ACTON,145
CEN,WEST ACTON,NORTH ACTON,166
CEN,NORTH ACTON,EAST ACTON,109
CEN,EAST ACTON,WHITE CITY,178
CEN,WHITE CITY,SHEPHERDS BUSH,178
CEN,SHEPHERDS BUSH,HOLLAND PARK,98
CEN,HOLLAND PARK,NOTTING HILL GATE,87
CEN,NOTTING HILL GATE,QUEENSWAY,90
CEN,QUEENSWAY,LANCASTER GATE,98
CEN,LANCASTER GATE,MARBLE ARCH,138
CEN,MARBLE ARCH,BOND STREET,82
CEN,BOND STREET,OXFORD CIRCUS,91
CEN,OXFORD CIRCUS,TOTTENHAM COURT ROAD,79
CEN,TOTTENHAM COURT ROAD,HOLBORN,123
CEN,HOLBORN,CHANCERY LANE,70
CEN,CHANCERY LANE,ST PAULS,110
CEN,ST PAULS,BANK,123
CEN,BANK,LIVERPOOL STREET,121
CEN,LIVERPOOL STREET,BETHNAL GREEN,138
CEN,MILE END,STRATFORD,211
CEN,STRATFORD,LEYTON,164
CEN,LEYTON,LEYTONSTONE,147
CEN,LEYTONSTONE,SNARESBROOK,141
CEN,SNARESBROOK,SOUTH WOODFORD,114
CEN,SOUTH WOODFORD,WOODFORD,137
CEN,WOODFORD,BUCKHURST HILL,160
CEN,BUCKHURST HILL,LOUGHTON,154
CEN,LOUGHTON,DEBDEN,151
CEN,DEBDEN,THEYDON BOIS,204
CEN,THEYDON BOIS,EPPING,152
CEN,LEYTONSTONE,WANSTEAD,147
CEN,WANSTEAD,REDBRIDGE,113
CEN,REDBRIDGE,GANTS HILL,115
CEN,GANTS HILL,NEWBURY PARK,178
CEN,NEWBURY PARK,BARKINGSIDE,109
CEN,BARKINGSIDE,FAIRLOP,114
CEN,FAIRLOP,HAINAULT,89
CEN,WOODFORD,RODING VALLEY,150
CEN,RODING VALLEY,CHIGWELL,198
CEN,CHIGWELL,GRANGE HILL,124
CEN,GRANGE HILL,HAINAULT,121
BAK,ELEPHANT & CASTLE,LAMBETH NORTH,125
BAK,LAMBETH NORTH,WATERLOO,106
BAK,WATERLOO,EMBANKMENT,98
BAK,EMBANKMENT,CHARING CROSS,73
BAK,CHARING CROSS,PICCADILLY CIRCUS,108
BAK,PICCADILLY CIRCUS,OXFORD CIRCUS,131
BAK,OXFORD CIRCUS,REGENTS PARK,112
BAK,REGENTS PARK,BAKER STREET,111
BAK,BAKER STREET,MARYLEBONE,79
BAK,MARYLEBONE,EDGWARE ROAD,77
BAK,EDGWARE ROAD,PADDINGTON,109
BAK,PADDINGTON,WARWICK AVENUE,110
BAK,WARWICK AVENUE,MAIDA VALE,102
BAK,MAIDA VALE,KILBURN PARK,112
BAK,KILBURN PARK,QUEENS PARK,130
BAK,QUEENS PARK,KENSAL GREEN,187
BAK,KENSAL GREEN,WILLESDEN JUNCTION,157
BAK,WILLESDEN JUNCTION,HARLESDEN,113
BAK,HARLESDEN,STONEBRIDGE PARK,143
BAK,STONEBRIDGE PARK,WEMBLEY CENTRAL,169
BAK,WEMBLEY CENTRAL,NORTH WEMBLEY,127
BAK,NORTH WEMBLEY,SOUTH KENTON,104
BAK,SOUTH KENTON,KENTON,130
BAK,KENTON,HARROW & WEALDSTONE,161
ICG,PADDINGTON,PADDINGTON (CIRCLE),210
ICG,PADDINGTON,PADDINGTON (BRANCH),210
ICG,PADDINGTON (CIRCLE),PADDINGTON (BRANCH),210
OVG-WEU,WATFORD JUNCTION,WATFORD HIGH STREET,240
OVG-WEU,WATFORD HIGH STREET,BUSHEY,180
OVG-WEU,BUSHEY,CARPENDERS PARK,180
OVG-WEU,CARPENDERS PARK,HATCH END,180
OVG-WEU,HATCH END,HEADSTONE LANE,120
OVG-WEU,HEADSTONE LANE,HARROW & WEALDSTONE,180
OVG-WEU,HARROW & WEALDSTONE,KENTON,120
OVG-WEU,KENTON,SOUTH KENTON,120
OVG-WEU,SOUTH KENTON,NORTH WEMBLEY,120
OVG-WEU,NORTH WEMBLEY,WEMBLEY CENTRAL,120
OVG-WEU,WEMBLEY CENTRAL,STONEBRIDGE PARK,180
OVG-WEU,STONEBRIDGE PARK,HARLESDEN,120
OVG-WEU,HARLESDEN,WILLESDEN JUNCTION,120
OVG-WEU,WILLESDEN JUNCTION,KENSAL GREEN,180
OVG-WEU,KENSAL GREEN,QUEENS PARK,120
OVG-WEU,QUEENS PARK,KILBURN HIGH ROAD,120
OVG-WEU,KILBURN HIGH ROAD,SOUTH HAMPSTEAD,120
OVG-WEU,SOUTH HAMPSTEAD,EUSTON,660
OVG-GOB,GOSPEL OAK,UPPER HOLLOWAY,240
OVG-GOB,UPPER HOLLOWAY,CROUCH HILL,180
OVG-GOB,CROUCH HILL,HARRINGAY GREEN LANES,180
OVG-GOB,HARRINGAY GREEN LANES,SOUTH TOTTENHAM,180
OVG-GOB,SOUTH TOTTENHAM,BLACKHORSE ROAD,180
OVG-GOB,BLACKHORSE ROAD,WALTHAMSTOW QUEENS ROAD,180
OVG-GOB,WALTHAMSTOW QUEENS ROAD,LEYTON MIDLAND ROAD,180
OVG-GOB,LEYTON MIDLAND ROAD,LEYTONSTONE HIGH ROAD,180
OVG-GOB,LEYTONSTONE HIGH ROAD,WANSTEAD PARK,180
OVG-GOB,WANSTEAD PARK,WOODGRANGE PARK,120
OVG-GOB,WOODGRANGE PARK,BARKING,420
OVG-LST,CHESHUNT,THEOBALDS GROVE,300
OVG-LST,THEOBALDS GROVE,TURKEY STREET,120
OVG-LST,TURKEY STREET,SOUTHBURY,180
OVG-LST,SOUTHBURY,EDMONTON GREEN,240
OVG-LST,ENFIELD TOWN,BUSH HILL PARK,300
OVG-LST,BUSH HILL PARK,EDMONTON GREEN,180
OVG-LST,EDMONTON GREEN,SILVER STREET,120
OVG-LST,SILVER STREET,WHITE HART LANE,120
OVG-LST,WHITE HART LANE,BRUCE GROVE,120
OVG-LST,BRUCE GROVE,SEVEN SISTERS,120
OVG-LST,SEVEN SISTERS,STAMFORD HILL,120
OVG-LST,STAMFORD HILL,STOKE NEWINGTON,120
OVG-LST,STOKE NEWINGTON,RECTORY ROAD,120
OVG-LST,RECTORY ROAD,HACKNEY DOWNS,180
OVG-LST,CHINGFORD,HIGHAMS PARK,480
OVG-LST,HIGHAMS PARK,WOOD STREET,180
OVG-LST,WOOD STREET,WALTHAMSTOW CENTRAL,120
OVG-LST,WALTHAMSTOW CENTRAL,ST JAMES STREET,120
OVG-LST,ST JAMES STREET,CLAPTON,180
OVG-LST,CLAPTON,HACKNEY DOWNS,180
OVG-LST,HACKNEY DOWNS,LONDON FIELDS,120
OVG-LST,LONDON FIELDS,CAMBRIDGE HEATH,120
OVG-LST,CAMBRIDGE HEATH,BETHNAL GREEN,120
OVG-LST,BETHNAL GREEN,LIVERPOOL STREET,180
OVG-HSL,CLAPHAM JUNCTION,WANDSWORTH ROAD,360
OVG-HSL,WANDSWORTH ROAD,CLAPHAM HIGH STREET,120
OVG-HSL,CLAPHAM HIGH STREET,DENMARK HILL,300
OVG-HSL,DENMARK HILL,PECKHAM RYE,120
OVG-HSL,PECKHAM RYE,QUEENS ROAD PECKHAM,180
OVG-HSL,QUEENS ROAD PECKHAM,SURREY QUAYS,360
OVG-HSL,WEST CROYDON,NORWOOD JUNCTION,480
OVG-HSL,NORWOOD JUNCTION,ANERLEY,180
OVG-HSL,ANERLEY,PENGE WEST,120
OVG-HSL,PENGE WEST,SYDENHAM,180
OVG-HSL,CRYSTAL PALACE,SYDENHAM,300
OVG-HSL,SYDENHAM,FOREST HILL,120
OVG-HSL,FOREST HILL,HONOR OAK PARK,180
OVG-HSL,HONOR OAK PARK,BROCKLEY,180
OVG-HSL,BROCKLEY,NEW CROSS GATE,120
OVG-HSL,NEW CROSS GATE,SURREY QUAYS,300
OVG-HSL,NEW CROSS,SURREY QUAYS,360
OVG-HSL,SURREY QUAYS,CANADA WATER,60
OVG-HSL,CANADA WATER,ROTHERHITHE,120
OVG-HSL,ROTHERHITHE,WAPPING,120
OVG-HSL,WAPPING,SHADWELL,120
OVG-HSL,SHADWELL,WHITECHAPEL,120
OVG-HSL,WHITECHAPEL,SHOREDITCH HIGH STREET,120
OVG-HSL,SHOREDITCH HIGH STREET,HOXTON,130
OVG-HSL,HOXTON,HAGGERSTON,120
OVG-HSL,HAGGERSTON,DALSTON JUNCTION,60
OVG-HSL,DALSTON JUNCTION,CANONBURY,180
OVG-HSL,CANONBURY,HIGHBURY & ISLINGTON,120
OVG-SRC,CLAPHAM JUNCTION,IMPERIAL WHARF,240
OVG-SRC,IMPERIAL WHARF,WEST BROMPTON,180
OVG-SRC,WEST BROMPTON,KENSINGTON (OLYMPIA),120
OVG-SRC,KENSINGTON (OLYMPIA),SHEPHERDS BUSH,120
OVG-SRC,SHEPHERDS BUSH,WILLESDEN JUNCTION,540
OVG-SRC,RICHMOND,KEW GARDENS,240
OVG-SRC,KEW GARDENS,GUNNERSBURY,120
OVG-SRC,GUNNERSBURY,SOUTH ACTON,180
OVG-SRC,SOUTH ACTON,ACTON CENTRAL,240
OVG-SRC,ACTON CENTRAL,WILLESDEN JUNCTION,360
OVG-SRC,WILLESDEN JUNCTION,KENSAL RISE,120
OVG-SRC,KENSAL RISE,BRONDESBURY PARK,120
OVG-SRC,BRONDESBURY PARK,BRONDESBURY,120
OVG-SRC,BRONDESBURY,WEST HAMPSTEAD,120
OVG-SRC,WEST HAMPSTEAD,FINCHLEY ROAD & FROGNAL,60
OVG-SRC,FINCHLEY ROAD & FROGNAL,HAMPSTEAD HEATH,180
OVG-SRC,HAMPSTEAD HEATH,GOSPEL OAK,120
OVG-SRC,GOSPEL OAK,KENTISH TOWN WEST,120
OVG-SRC,KENTISH TOWN WEST,CAMDEN ROAD,240
OVG-SRC,CAMDEN ROAD,CALEDONIAN ROAD & BARNESBURY,180
OVG-SRC,CALEDONIAN ROAD & BARNESBURY,HIGHBURY & ISLINGTON,180
OVG-SRC,HIGHBURY & ISLINGTON,CANONBURY,120
OVG-SRC,CANONBURY,DALSTON KINGSLAND,120
OVG-SRC,DALSTON KINGSLAND,HACKNEY CENTRAL,120
OVG-SRC,HACKNEY CENTRAL,HOMERTON,120
OVG-SRC,HOMERTON,HACKNEY WICK,120
OVG-SRC,HACKNEY WICK,STRATFORD,360
OVG-ROM,ROMFORD,EMERSON PARK,240
OVG-ROM,EMERSON PARK,UPMINSTER,300
ICG,HACKNEY DOWNS,HACKNEY CENTRAL,210
ELZ,SHENFIELD,BRENTWOOD,360
ELZ,BRENTWOOD,HAROLD WOOD,240
ELZ,HAROLD WOOD,GIDEA PARK,180
ELZ,GIDEA PARK,ROMFORD,240
ELZ,ROMFORD,CHADWELL HEATH,240
ELZ,CHADWELL HEATH,GOODMAYES,120
ELZ,GOODMAYES,SEVEN KINGS,120
ELZ,SEVEN KINGS,ILFORD,120
ELZ,ILFORD,MANOR PARK,180
ELZ,MANOR PARK,FOREST GATE,120
ELZ,FOREST GATE,MARYLAND,120
ELZ,MARYLAND,STRATFORD,120
ELZ,STRATFORD,LIVERPOOL STREET,420
ELZ,PADDINGTON,ACTON MAIN LINE,480
ELZ,ACTON MAIN LINE,EALING BROADWAY,180
ELZ,EALING BROADWAY,WEST EALING,120
ELZ,WEST EALING,HANWELL,120
ELZ,HANWELL,SOUTHALL,240
ELZ,SOUTHALL,HAYES & HARLINGTON,240
ELZ,HAYES & HARLINGTON,HEATHROW T123,720
ELZ,HEATHROW T123,HEATHROW T4,240
ELZ,HEATHROW T123,HEATHROW T5,240
DLR,BANK,SHADWELL,240
DLR,TOWER GATEWAY,SHADWELL,120
DLR,SHADWELL,LIMEHOUSE,120
DLR,LIMEHOUSE,WESTFERRY,120
DLR,WESTFERRY,POPLAR (E-W),60
DLR,POPLAR (E-W),BLACKWALL,120
DLR,BLACKWALL,EAST INDIA,60
DLR,EAST INDIA,CANNING TOWN,120
DLR,CANNING TOWN,ROYAL VICTORIA,120
DLR,ROYAL VICTORIA,CUSTOM HOUSE,60
DLR,CUSTOM HOUSE,PRINCE REGENT,60
DLR,PRINCE REGENT,ROYAL ALBERT,120
DLR,ROYAL ALBERT,BECKTON PARK,60
DLR,BECKTON PARK,CYPRUS,60
DLR,CYPRUS,GALLIONS REACH,120
DLR,GALLIONS REACH,BECKTON,120
DLR,CANNING TOWN,WEST SILVERTOWN,180
DLR,WEST SILVERTOWN,PONTOON DOCK,120
DLR,PONTOON DOCK,LONDON CITY AIRPORT,120
DLR,LONDON CITY AIRPORT,KING GEORGE V,120
DLR,KING GEORGE V,WOOLWICH ARSENAL,240
DLR,STRATFORD INTERNATIONAL,STRATFORD (E),60
DLR,STRATFORD (E),STRATFORD HIGH STREET,60
DLR,STRATFORD HIGH STREET,ABBEY ROAD,120
DLR,ABBEY ROAD,WEST HAM,60
DLR,WEST HAM,STAR LANE,120
DLR,STAR LANE,CANNING TOWN (E),60
DLR,CANNING TOWN (E),ROYAL VICTORIA,120
DLR,CANNING TOWN (E),WEST SILVERTOWN,180
DLR,STRATFORD,PUDDING MILL LANE,120
DLR,PUDDING MILL LANE,BOW CHURCH,120
DLR,BOW CHURCH,DEVONS ROAD,60
DLR,DEVONS ROAD,LANGLEY PARK,120
DLR,LANGLEY PARK,ALL SAINTS,60
DLR,ALL SAINTS,POPLAR (N-S),120
DLR,POPLAR (N-S),WEST INDIA QUAY,120
DLR,WEST INDIA QUAY,CANARY WHARF (N),60
DLR,WESTFERRY,WEST INDIA QUAY,120
DLR,CANARY WHARF (S),HERON QUAYS,60
DLR,HERON QUAYS,SOUTH QUAY,120
DLR,SOUTH QUAY,CROSSHARBOUR,120
DLR,CROSSHARBOUR,MUDCHUTE,60
DLR,MUDCHUTE,ISLAND GARDENS,60
DLR,ISLAND GARDENS,CUTTY SARK,120
DLR,CUTTY SARK,GREENWICH,60
DLR,GREENWICH,DEPTFORD BRIDGE,120
DLR,DEPTFORD BRIDGE,ELVERSON ROAD,120
DLR,ELVERSON ROAD,LEWISHAM,120
ICG,POPLAR (N-S),POPLAR (E-W),210
ICG,CANARY WHARF (S),CANARY WHARF (N),210
ICG,CANARY WHARF (S),CANARY WHARF,210
ICG,CANARY WHARF (N),CANARY WHARF,210
ICG,CANNING TOWN (E),CANNING TOWN,210
ICG,STRATFORD (E),STRATFORD,210
ICG,TOWER HILL,TOWER GATEWAY,210
TRM,WIMBLEDON,DUNDONALD ROAD,60
TRM,DUNDONALD ROAD,MERTON PARK,60
TRM,MERTON PARK,MORDEN ROAD,120
TRM,MORDEN ROAD,PHIPPS BRIDGE,120
TRM,PHIPPS BRIDGE,BELGRAVE WALK,60
TRM,BELGRAVE WALK,MITCHAM,120
TRM,MITCHAM,MITCHAM JUNCTION,180
TRM,MITCHAM JUNCTION,BEDDINGTON LANE,120
TRM,BEDDINGTON LANE,THERAPIA LANE,120
TRM,THERAPIA LANE,AMPERE WAY,60
TRM,AMPERE WAY,WADDON MARSH,120
TRM,WADDON MARSH ,WANDLE PARK,120
TRM,WANDLE PARK,REEVES CORNER,120
TRM,REEVES CORNER,CENTRALE,60
TRM,CENTRALE,WEST CROYDON,60
TRM,WEST CROYDON,WELLESLEY ROAD,60
TRM,WELLESLEY ROAD,EAST CROYDON,60
TRM,EAST CROYDON,GEORGE STREET,60
TRM,GEORGE STREET,CHURCH STREET,60
TRM,CHURCH STREET,CENTRALE,60
TRM,CHURCH STREET,WANDLE PARK,120
TRM,EAST CROYDON,LEBANON ROAD,60
TRM,LEBANON ROAD,SANDILANDS,60
TRM,SANDILANDS,ADDISCOMBE,120
TRM,ADDISCOMBE,BLACKHORSE LANE,120
TRM,BLACKHORSE LANE,WOODSIDE,120
TRM,WOODSIDE,ARENA,120
TRM,ARENA,ELMERS END,180
TRM,ARENA,HARRINGTON ROAD,180
TRM,HARRINGTON ROAD,BIRKBECK,120
TRM,BIRKBECK,AVENUE ROAD,120
TRM,AVENUE ROAD,BECKENHAM ROAD,120
TRM,BECKENHAM ROAD,BECKENHAM JUNCTION,180
TRM,SANDILANDS,LLOYD PARK,120
TRM,LLOYD PARK,COOMBE LANE,180
TRM,COOMBE LANE,GRAVEL HILL,180
TRM,GRAVEL HILL,ADDINGTON VILLAGE,120
TRM,ADDINGTON VILLAGE,FIELDWAY,120
TRM,FIELDWAY,KING HENRYS DRIVE,120
TRM,KING HENRYS DRIVE,NEW ADDINGTON,60
